2025-08-13 17:05:09 [[32minfo[39m]: Connection has been established successfully.
2025-08-13 17:05:43 [[32minfo[39m]: Connection has been established successfully.
2025-08-13 17:10:24 [[32minfo[39m]: Connection has been established successfully.
2025-08-13 17:10:27 [[32minfo[39m]: GET /users - Body: {"empid":2,"date":"2025-08-12","status":"Absent","updatedBy":"Sonam"}
2025-08-13 17:10:27 [[32minfo[39m]: Fetched 0 user
2025-08-13 17:12:21 [[32minfo[39m]: POST /users - Body: {"name":"Himanshi","email":"himanshisahu87@gmail.com","password":"Him@12345","role":"admin","createdBy":"Himanshi"}
2025-08-13 17:13:08 [[32minfo[39m]: Connection has been established successfully.
2025-08-13 17:13:11 [[32minfo[39m]: POST /users - Body: {"name":"Himanshi","email":"himanshisahu87@gmail.com","password":"Him@12345","role":"admin","createdBy":"Himanshi"}
2025-08-13 17:15:25 [[32minfo[39m]: Connection has been established successfully.
2025-08-13 17:15:29 [[32minfo[39m]: POST /users - Body: {"name":"Himanshi","email":"himanshisahu87@gmail.com","password":"Him@12345","role":"admin","createdBy":"Himanshi"}
2025-08-13 17:15:29 [[31merror[39m]: Error adding user:SequelizeUniqueConstraintError: Validation error
2025-08-13 17:18:41 [[32minfo[39m]: POST /users - Body: {"name":"Manasi","email":"manasi12@gmail.com","password":"man@123","role":"user","createdBy":"Himanshi"}
2025-08-13 17:18:59 [[32minfo[39m]: POST /users - Body: {"name":"Manasi","email":"manasi12@gmail.com","password":"man@123123","role":"user","createdBy":"Himanshi"}
2025-08-13 17:18:59 [[31merror[39m]: Error adding user:ReferenceError: employee is not defined
2025-08-13 17:41:53 [[32minfo[39m]: Connection has been established successfully.
2025-08-13 17:41:58 [[32minfo[39m]: POST /users - Body: {"name":"Manasi","email":"manasi12@gmail.com","password":"man@123123","role":"user","createdBy":"Himanshi"}
2025-08-13 17:41:58 [[31merror[39m]: Error adding user:SequelizeUniqueConstraintError: Validation error
2025-08-13 17:42:24 [[32minfo[39m]: POST /users - Body: {"name":"Shivani","email":"shivi@gmail.com","password":"shivani@123123","role":"user","createdBy":"Himanshi"}
2025-08-13 17:42:24 [[32minfo[39m]: New user added: {"name":"Shivani","email":"shivi@gmail.com","password":"shivani@123123","role":"user","createdBy":"Himanshi"}
2025-08-13 17:48:17 [[32minfo[39m]: GET /users - Body: {"name":"Shivani","email":"shivi@gmail.com","password":"shivani@123123","role":"user","createdBy":"Himanshi"}
2025-08-13 17:48:17 [[32minfo[39m]: Fetched 3 user
2025-08-13 17:49:02 [[32minfo[39m]: GET /users - Body: {"name":"mira","email":"mira@gmail.com","password":"mira@123123","role":"user","createdBy":"Himanshi"}
2025-08-13 17:49:02 [[32minfo[39m]: Fetched 3 user
2025-08-13 17:49:10 [[32minfo[39m]: POST /users - Body: {"name":"mira","email":"mira@gmail.com","password":"mira@123123","role":"user","createdBy":"Himanshi"}
2025-08-13 17:49:10 [[32minfo[39m]: New user added: {"name":"mira","email":"mira@gmail.com","password":"mira@123123","role":"user","createdBy":"Himanshi"}
2025-08-13 17:49:18 [[32minfo[39m]: GET /users - Body: {"name":"mira","email":"mira@gmail.com","password":"mira@123123","role":"user","createdBy":"Himanshi"}
2025-08-13 17:49:18 [[32minfo[39m]: Fetched 4 user
2025-08-13 17:49:51 [[32minfo[39m]: GET /users/4 - Body: {"name":"mira","email":"mira@gmail.com","password":"mira@123123","role":"user","createdBy":"Himanshi"}
2025-08-13 17:49:51 [[33mwarn[39m]: User ID 4 not found
2025-08-13 17:49:54 [[32minfo[39m]: GET /users/5 - Body: {"name":"mira","email":"mira@gmail.com","password":"mira@123123","role":"user","createdBy":"Himanshi"}
2025-08-13 17:49:54 [[32minfo[39m]: User Fetched by id:5
2025-08-13 17:49:59 [[32minfo[39m]: GET /users/6 - Body: {"name":"mira","email":"mira@gmail.com","password":"mira@123123","role":"user","createdBy":"Himanshi"}
2025-08-13 17:49:59 [[32minfo[39m]: User Fetched by id:6
2025-08-13 17:50:14 [[32minfo[39m]: PUT /users/6 - Body: {"name":"mira","email":"mirashah@gmail.com","password":"mira@123123","role":"user","createdBy":"Himanshi"}
2025-08-13 17:50:14 [[32minfo[39m]: User updated - ID: 6, Data: {"name":"mira","email":"mirashah@gmail.com","password":"mira@123123","role":"user","createdBy":"Himanshi","updatedAt":"2025-08-13T12:20:14.050Z"}
2025-08-13 17:50:18 [[32minfo[39m]: GET /users/6 - Body: {"name":"mira","email":"mirashah@gmail.com","password":"mira@123123","role":"user","createdBy":"Himanshi"}
2025-08-13 17:50:18 [[32minfo[39m]: User Fetched by id:6
2025-08-13 17:51:07 [[32minfo[39m]: PUT /users/6 - Body: {"name":"mira","email":"mirashah@gmail.com","password":"mira@123123","role":"user","updatedBy":"Himanshi"}
2025-08-13 17:51:07 [[32minfo[39m]: User updated - ID: 6, Data: {"name":"mira","email":"mirashah@gmail.com","password":"mira@123123","role":"user","updatedBy":"Himanshi","updatedAt":"2025-08-13T12:21:07.239Z"}
2025-08-13 17:51:11 [[32minfo[39m]: GET /users/6 - Body: {"name":"mira","email":"mirashah@gmail.com","password":"mira@123123","role":"user","updatedBy":"Himanshi"}
2025-08-13 17:51:11 [[32minfo[39m]: User Fetched by id:6
2025-08-13 17:51:23 [[32minfo[39m]: DELETE /users/6 - Body: {"name":"mira","email":"mirashah@gmail.com","password":"mira@123123","role":"user","updatedBy":"Himanshi"}
2025-08-13 17:51:23 [[32minfo[39m]: User deleted with Id:6
2025-08-13 17:51:28 [[32minfo[39m]: GET /users/6 - Body: {"name":"mira","email":"mirashah@gmail.com","password":"mira@123123","role":"user","updatedBy":"Himanshi"}
2025-08-13 17:51:28 [[33mwarn[39m]: User ID 6 not found
2025-08-13 17:53:45 [[32minfo[39m]: POST /users - Body: {"name":"mira","email":"mirashah@.com","password":"mira@123123","role":"user","updatedBy":"Himanshi"}
2025-08-13 17:54:09 [[32minfo[39m]: POST /users - Body: {"name":"mira","email":"mirashah@gmail.com","password":"@123123","role":"user","updatedBy":"Himanshi"}
2025-08-13 17:54:25 [[32minfo[39m]: POST /users - Body: {"name":"","email":"mirashah@gmail.com","password":"mira@123123","role":"user","updatedBy":"Himanshi"}
2025-08-13 17:54:43 [[32minfo[39m]: POST /users - Body: {"name":"janvi","email":"janvi@gmail.com","password":"janvi@123123","role":"user","updatedBy":"Himanshi"}
2025-08-13 17:54:43 [[32minfo[39m]: New user added: {"name":"janvi","email":"janvi@gmail.com","password":"janvi@123123","role":"user","updatedBy":"Himanshi"}
2025-08-13 18:18:14 [[32minfo[39m]: Connection has been established successfully.
2025-08-13 18:18:32 [[32minfo[39m]: Connection has been established successfully.
2025-08-13 18:18:37 [[32minfo[39m]: GET /categories - Body: {"name":"janvi","email":"janvi@gmail.com","password":"janvi@123123","role":"user","updatedBy":"Himanshi"}
2025-08-13 18:19:39 [[32minfo[39m]: Connection has been established successfully.
2025-08-13 18:20:06 [[32minfo[39m]: Connection has been established successfully.
2025-08-13 18:20:27 [[32minfo[39m]: Connection has been established successfully.
2025-08-13 18:20:43 [[32minfo[39m]: GET /categories - Body: {"name":"janvi","email":"janvi@gmail.com","password":"janvi@123123","role":"user","updatedBy":"Himanshi"}
2025-08-13 18:20:43 [[32minfo[39m]: Fetched 0 category
2025-08-13 18:21:51 [[32minfo[39m]: POST /categories - Body: {"name":"Clothing","description":"Men's and women's clothing","createdBy":"Himanshi"}
2025-08-13 18:21:51 [[32minfo[39m]: New category added: {"name":"Clothing","description":"Men's and women's clothing","createdBy":"Himanshi"}
2025-08-13 18:22:19 [[32minfo[39m]: POST /categories - Body: {"name":"Electronics","description":"Devices and gadgets","createdBy":"Himanshi"}
2025-08-13 18:22:19 [[32minfo[39m]: New category added: {"name":"Electronics","description":"Devices and gadgets","createdBy":"Himanshi"}
2025-08-13 18:22:54 [[32minfo[39m]: POST /categories - Body: {"name":"Footwear","description":"Shoes, sneakers, boots","createdBy":"Himanshi"}
2025-08-13 18:22:54 [[32minfo[39m]: New category added: {"name":"Footwear","description":"Shoes, sneakers, boots","createdBy":"Himanshi"}
2025-08-13 18:23:04 [[32minfo[39m]: GET /categories - Body: {"name":"Footwear","description":"Shoes, sneakers, boots","createdBy":"Himanshi"}
2025-08-13 18:23:04 [[32minfo[39m]: Fetched 3 category
2025-08-13 18:23:24 [[32minfo[39m]: GET /categories/3 - Body: {"name":"Footwear","description":"Shoes, sneakers, boots","createdBy":"Himanshi"}
2025-08-13 18:23:24 [[32minfo[39m]: Category Fetched by id:3
2025-08-13 18:23:49 [[32minfo[39m]: PUT /categories/3 - Body: {"name":"Footwear","description":"Shoes, sneakers, boots,sandals","createdBy":"Himanshi"}
2025-08-13 18:23:49 [[32minfo[39m]: Catogory updated - ID: 3, Data: {"name":"Footwear","description":"Shoes, sneakers, boots,sandals","createdBy":"Himanshi"}
2025-08-13 18:23:55 [[32minfo[39m]: GET /categories/3 - Body: {"name":"Footwear","description":"Shoes, sneakers, boots,sandals","createdBy":"Himanshi"}
2025-08-13 18:23:55 [[32minfo[39m]: Category Fetched by id:3
2025-08-13 18:24:16 [[32minfo[39m]: DELETE /categories/3 - Body: {"name":"Footwear","description":"Shoes, sneakers, boots,sandals","createdBy":"Himanshi"}
2025-08-13 18:24:16 [[32minfo[39m]: Category deleted with Id:3
2025-08-13 18:24:23 [[32minfo[39m]: GET /categories - Body: {"name":"Footwear","description":"Shoes, sneakers, boots,sandals","createdBy":"Himanshi"}
2025-08-13 18:24:23 [[32minfo[39m]: Fetched 2 category
2025-08-13 18:42:35 [[32minfo[39m]: Connection has been established successfully.
2025-08-13 18:42:51 [[32minfo[39m]: GET /users - Body: {"name":"Footwear","description":"Shoes, sneakers, boots,sandals","createdBy":"Himanshi"}
2025-08-13 18:42:51 [[32minfo[39m]: Fetched 4 user
2025-08-13 18:43:46 [[32minfo[39m]: POST /users - Body: {"name":"Rishi","email":"rishisahu127@gmail.com","password":"Rishi@12345","role":"user","createdBy":"Himanshi"}
2025-08-13 18:43:46 [[32minfo[39m]: New user added: {"name":"Rishi","email":"rishisahu127@gmail.com","password":"Rishi@12345","role":"user","createdBy":"Himanshi"}
2025-08-13 18:43:52 [[32minfo[39m]: GET /users - Body: {"name":"Rishi","email":"rishisahu127@gmail.com","password":"Rishi@12345","role":"user","createdBy":"Himanshi"}
2025-08-13 18:43:52 [[32minfo[39m]: Fetched 5 user
2025-08-14 10:24:41 [[32minfo[39m]: Connection has been established successfully.
2025-08-14 10:25:12 [[32minfo[39m]: POST /users - Body: {"name":"Usha","email":"usha@gmail.com","password":"usha@12345","role":"user","createdBy":"Himanshi"}
2025-08-14 10:25:12 [[32minfo[39m]: New user added: {"name":"Usha","email":"usha@gmail.com","password":"usha@12345","role":"user","createdBy":"Himanshi"}
2025-08-14 10:26:37 [[32minfo[39m]: Connection has been established successfully.
2025-08-14 10:26:46 [[32minfo[39m]: GET /users - Body: {"name":"Usha","email":"usha@gmail.com","password":"usha@12345","role":"user","createdBy":"Himanshi"}
2025-08-14 10:26:46 [[32minfo[39m]: Fetched 6 user
2025-08-14 10:27:05 [[32minfo[39m]: PUT /users/9 - Body: {"name":"Usha","email":"usha@gmail.com","password":"usha@10000","role":"user","createdBy":"Himanshi"}
2025-08-14 10:27:05 [[32minfo[39m]: User updated - ID: 9, Data: {"name":"Usha","email":"usha@gmail.com","password":"usha@10000","role":"user","createdBy":"Himanshi"}
2025-08-14 10:27:11 [[32minfo[39m]: GET /users/9 - Body: {"name":"Usha","email":"usha@gmail.com","password":"usha@10000","role":"user","createdBy":"Himanshi"}
2025-08-14 10:27:11 [[32minfo[39m]: User Fetched by id:9
2025-08-14 10:36:15 [[32minfo[39m]: Connection has been established successfully.
2025-08-14 10:36:29 [[32minfo[39m]: GET /users/9 - Body: {"name":"Usha","email":"usha@gmail.com","password":"usha@10001","role":"user","createdBy":"Himanshi"}
2025-08-14 10:36:29 [[32minfo[39m]: User Fetched by id:9
2025-08-14 10:36:38 [[32minfo[39m]: PUT /users/9 - Body: {"name":"Usha","email":"usha@gmail.com","password":"usha@10001","role":"user","createdBy":"Himanshi"}
2025-08-14 10:36:38 [[32minfo[39m]: User updated - ID: 9, Data: {"name":"Usha","email":"usha@gmail.com","password":"usha@10001","role":"user","createdBy":"Himanshi"}
2025-08-14 10:36:45 [[32minfo[39m]: GET /users/9 - Body: {"name":"Usha","email":"usha@gmail.com","password":"usha@10001","role":"user","createdBy":"Himanshi"}
2025-08-14 10:36:45 [[32minfo[39m]: User Fetched by id:9
2025-08-14 10:37:05 [[32minfo[39m]: GET /users - Body: undefined
2025-08-14 10:37:05 [[32minfo[39m]: Fetched 6 user
2025-08-14 10:39:00 [[32minfo[39m]: POST /users - Body: {"name":"Shruti","email":"shruti12@gmail.com","password":"shruti@0909","role":"user","createdBy":"Himanshi"}
2025-08-14 10:39:00 [[32minfo[39m]: New user added: {"name":"Shruti","email":"shruti12@gmail.com","password":"shruti@0909","role":"user","createdBy":"Himanshi"}
2025-08-14 10:39:06 [[32minfo[39m]: GET /users - Body: {"name":"Shruti","email":"shruti12@gmail.com","password":"shruti@0909","role":"user","createdBy":"Himanshi"}
2025-08-14 10:39:06 [[32minfo[39m]: Fetched 7 user
2025-08-14 10:39:36 [[32minfo[39m]: PUT /users/10 - Body: {"name":"Shruti","email":"shruti12@gmail.com","password":"shruti@12312","role":"user","createdBy":"Himanshi"}
2025-08-14 10:39:36 [[32minfo[39m]: User updated - ID: 10, Data: {"name":"Shruti","email":"shruti12@gmail.com","password":"shruti@12312","role":"user","createdBy":"Himanshi"}
2025-08-14 10:39:43 [[32minfo[39m]: GET /users/10 - Body: {"name":"Shruti","email":"shruti12@gmail.com","password":"shruti@12312","role":"user","createdBy":"Himanshi"}
2025-08-14 10:39:43 [[32minfo[39m]: User Fetched by id:10
2025-08-14 11:09:02 [[32minfo[39m]: Connection has been established successfully.
2025-08-14 11:09:24 [[32minfo[39m]: GET /orders - Body: {"name":"Shruti","email":"shruti12@gmail.com","password":"shruti@12312","role":"user","createdBy":"Himanshi"}
2025-08-14 11:09:35 [[32minfo[39m]: Connection has been established successfully.
2025-08-14 11:09:37 [[32minfo[39m]: GET /orders - Body: {"name":"Shruti","email":"shruti12@gmail.com","password":"shruti@12312","role":"user","createdBy":"Himanshi"}
2025-08-14 11:09:44 [[32minfo[39m]: GET /orders - Body: {"name":"Shruti","email":"shruti12@gmail.com","password":"shruti@12312","role":"user","createdBy":"Himanshi"}
2025-08-14 11:09:45 [[32minfo[39m]: GET /orders - Body: {"name":"Shruti","email":"shruti12@gmail.com","password":"shruti@12312","role":"user","createdBy":"Himanshi"}
2025-08-14 11:10:49 [[32minfo[39m]: Connection has been established successfully.
2025-08-14 11:11:07 [[32minfo[39m]: GET /orders - Body: {"name":"Shruti","email":"shruti12@gmail.com","password":"shruti@12312","role":"user","createdBy":"Himanshi"}
2025-08-14 11:11:07 [[32minfo[39m]: Fetched 0 order
2025-08-14 11:12:47 [[32minfo[39m]: POST /orders - Body: {"userId":3,"totalAmount":1500,"status":"pending","createdBy":"Himanshi"}
2025-08-14 11:12:47 [[32minfo[39m]: New order added: {"userId":3,"totalAmount":1500,"status":"pending","createdBy":"Himanshi"}
2025-08-14 11:13:28 [[32minfo[39m]: POST /orders - Body: {"userId":2,"totalAmount":2000,"status":"pending","createdBy":"Himanshi"}
2025-08-14 11:13:28 [[31merror[39m]: Error adding order:SequelizeForeignKeyConstraintError: Cannot add or update a child row: a foreign key constraint fails (`ecommerceDb`.`orders`, CONSTRAINT `orders_ibfk_1` FOREIGN KEY (`userId`) REFERENCES `users` (`userId`) ON DELETE CASCADE ON UPDATE CASCADE)
2025-08-14 11:13:48 [[32minfo[39m]: POST /orders - Body: {"userId":10,"totalAmount":2000,"status":"pending","createdBy":"Himanshi"}
2025-08-14 11:13:49 [[32minfo[39m]: New order added: {"userId":10,"totalAmount":2000,"status":"pending","createdBy":"Himanshi"}
2025-08-14 11:14:19 [[32minfo[39m]: POST /orders - Body: {"userId":22,"totalAmount":10000,"status":"cancelled","createdBy":"Himanshi"}
2025-08-14 11:14:19 [[31merror[39m]: Error adding order:SequelizeForeignKeyConstraintError: Cannot add or update a child row: a foreign key constraint fails (`ecommerceDb`.`orders`, CONSTRAINT `orders_ibfk_1` FOREIGN KEY (`userId`) REFERENCES `users` (`userId`) ON DELETE CASCADE ON UPDATE CASCADE)
2025-08-14 11:14:38 [[32minfo[39m]: GET /orders - Body: {"userId":22,"totalAmount":10000,"status":"cancelled","createdBy":"Himanshi"}
2025-08-14 11:14:38 [[32minfo[39m]: Fetched 2 order
2025-08-14 11:16:13 [[32minfo[39m]: GET /orders/2 - Body: {"userId":22,"totalAmount":10000,"status":"cancelled","createdBy":"Himanshi"}
2025-08-14 11:23:40 [[32minfo[39m]: POST /orders - Body: {"userId":22,"totalAmount":10000,"status":"cancelled","createdBy":"Himanshi"}
2025-08-14 11:23:40 [[31merror[39m]: Error adding order:SequelizeForeignKeyConstraintError: Cannot add or update a child row: a foreign key constraint fails (`ecommerceDb`.`orders`, CONSTRAINT `orders_ibfk_1` FOREIGN KEY (`userId`) REFERENCES `users` (`userId`) ON DELETE CASCADE ON UPDATE CASCADE)
2025-08-14 11:24:54 [[32minfo[39m]: POST /orders - Body: {"userId":4,"totalAmount":10000,"status":"cancelled","createdBy":"Himanshi"}
2025-08-14 11:24:54 [[31merror[39m]: Error adding order:SequelizeForeignKeyConstraintError: Cannot add or update a child row: a foreign key constraint fails (`ecommerceDb`.`orders`, CONSTRAINT `orders_ibfk_1` FOREIGN KEY (`userId`) REFERENCES `users` (`userId`) ON DELETE CASCADE ON UPDATE CASCADE)
2025-08-14 11:25:00 [[32minfo[39m]: POST /orders - Body: {"userId":5,"totalAmount":10000,"status":"cancelled","createdBy":"Himanshi"}
2025-08-14 11:25:00 [[32minfo[39m]: New order added: {"userId":5,"totalAmount":10000,"status":"cancelled","createdBy":"Himanshi"}
2025-08-14 11:25:36 [[32minfo[39m]: POST /orders/4 - Body: {"userId":5,"totalAmount":10000,"status":"cancelled","createdBy":"Himanshi"}
2025-08-14 11:25:41 [[32minfo[39m]: GET /orders/4 - Body: {"userId":5,"totalAmount":10000,"status":"cancelled","createdBy":"Himanshi"}
2025-08-14 11:26:09 [[32minfo[39m]: GET /orders/5 - Body: {"userId":5,"totalAmount":10000,"status":"cancelled","createdBy":"Himanshi"}
2025-08-14 11:26:17 [[32minfo[39m]: GET /orders/6 - Body: {"userId":5,"totalAmount":10000,"status":"cancelled","createdBy":"Himanshi"}
2025-08-14 11:26:23 [[32minfo[39m]: GET /orders/7 - Body: {"userId":5,"totalAmount":10000,"status":"cancelled","createdBy":"Himanshi"}
2025-08-14 11:26:30 [[32minfo[39m]: GET /orders/8 - Body: {"userId":5,"totalAmount":10000,"status":"cancelled","createdBy":"Himanshi"}
2025-08-14 11:26:32 [[32minfo[39m]: GET /orders/9 - Body: {"userId":5,"totalAmount":10000,"status":"cancelled","createdBy":"Himanshi"}
2025-08-14 11:26:46 [[32minfo[39m]: GET /orders/7 - Body: {"userId":5,"totalAmount":10000,"status":"cancelled","createdBy":"Himanshi"}
2025-08-14 11:34:49 [[32minfo[39m]: Connection has been established successfully.
2025-08-14 11:35:56 [[32minfo[39m]: Connection has been established successfully.
2025-08-14 11:36:32 [[32minfo[39m]: POST /orders - Body: {"userId":5,"totalAmount":25000,"status":"delivered","createdBy":"Himanshi"}
2025-08-14 11:36:32 [[32minfo[39m]: New order added: {"userId":5,"totalAmount":25000,"status":"delivered","createdBy":"Himanshi"}
2025-08-14 11:36:47 [[32minfo[39m]: POST /orders - Body: {"userId":23,"totalAmount":25000,"status":"delivered","createdBy":"Himanshi"}
2025-08-14 11:36:47 [[31merror[39m]: Error adding order:Error: User not found
2025-08-14 11:37:27 [[32minfo[39m]: POST /orders - Body: {"userId":3,"totalAmount":1100,"status":"pending","createdBy":"Himanshi"}
2025-08-14 11:37:27 [[32minfo[39m]: New order added: {"userId":3,"totalAmount":1100,"status":"pending","createdBy":"Himanshi"}
2025-08-14 11:38:42 [[32minfo[39m]: GET /orders - Body: {"userId":3,"totalAmount":1100,"status":"pending","createdBy":"Himanshi"}
2025-08-14 11:38:42 [[32minfo[39m]: Fetched 5 order
2025-08-14 11:47:04 [[32minfo[39m]: Connection has been established successfully.
2025-08-14 11:48:21 [[32minfo[39m]: Connection has been established successfully.
2025-08-14 11:49:09 [[32minfo[39m]: Connection has been established successfully.
2025-08-14 11:49:18 [[32minfo[39m]: POST /orders - Body: {"userId":3,"totalAmount":20000,"status":"delivered","createdBy":"Himanshi"}
2025-08-14 11:49:18 [[32minfo[39m]: New order added: {"userId":3,"totalAmount":20000,"status":"delivered","createdBy":"Himanshi"}
2025-08-14 11:49:39 [[32minfo[39m]: POST /orders - Body: {"userId":33,"totalAmount":20000,"status":"delivered","createdBy":"Himanshi"}
2025-08-14 11:49:39 [[31merror[39m]: Error adding order:Error: User not found
2025-08-14 11:49:58 [[32minfo[39m]: POST /orders - Body: {"userId":3,"totalAmount":9000,"status":"delivered","createdBy":"Himanshi"}
2025-08-14 11:49:58 [[32minfo[39m]: New order added: {"userId":3,"totalAmount":9000,"status":"delivered","createdBy":"Himanshi"}
2025-08-14 11:52:21 [[32minfo[39m]: PUT /orders/11 - Body: {"userId":3,"totalAmount":50000,"status":"delivered","createdBy":"Himanshi"}
2025-08-14 11:52:21 [[32minfo[39m]: order updated - ID: 11, Data: {"userId":3,"totalAmount":50000,"status":"delivered","createdBy":"Himanshi"}
2025-08-14 11:52:40 [[32minfo[39m]: DELETE /orders/11 - Body: {"userId":3,"totalAmount":50000,"status":"delivered","createdBy":"Himanshi"}
2025-08-14 11:52:40 [[32minfo[39m]: order deleted with Id:11
2025-08-14 12:34:22 [[32minfo[39m]: Connection has been established successfully.
2025-08-14 12:34:31 [[32minfo[39m]: Connection has been established successfully.
2025-08-14 12:35:01 [[32minfo[39m]: GET /products - Body: {"userId":3,"totalAmount":50000,"status":"delivered","createdBy":"Himanshi"}
2025-08-14 12:36:43 [[32minfo[39m]: POST /products - Body: {"categoryId":1,"name":"Kurta","description":"Traditional wear","price":400,"createdBy":"Himanshi"}
2025-08-14 12:37:12 [[32minfo[39m]: POST /products - Body: {"categoryId":1,"name":"Kurta","description":"Traditional wear","price":400,"createdBy":"Himanshi"}
2025-08-14 12:37:54 [[32minfo[39m]: Connection has been established successfully.
2025-08-14 12:37:56 [[32minfo[39m]: POST /products - Body: {"categoryId":1,"name":"Kurta","description":"Traditional wear","price":400,"createdBy":"Himanshi"}
2025-08-14 12:37:56 [[32minfo[39m]: New product added: {"categoryId":1,"name":"Kurta","description":"Traditional wear","price":400,"createdBy":"Himanshi"}
2025-08-14 12:38:04 [[32minfo[39m]: GET /products - Body: {"categoryId":1,"name":"Kurta","description":"Traditional wear","price":400,"createdBy":"Himanshi"}
2025-08-14 12:38:04 [[32minfo[39m]: Fetched 1 product
2025-08-14 12:38:16 [[32minfo[39m]: POST /products - Body: {"categoryId":4,"name":"Kurta","description":"Traditional wear","price":400,"createdBy":"Himanshi"}
2025-08-14 12:38:16 [[31merror[39m]: Error adding product:SequelizeForeignKeyConstraintError: Cannot add or update a child row: a foreign key constraint fails (`ecommerceDb`.`products`, CONSTRAINT `products_ibfk_1` FOREIGN KEY (`categoryId`) REFERENCES `categories` (`cid`) ON DELETE CASCADE ON UPDATE CASCADE)
2025-08-14 12:39:43 [[32minfo[39m]: POST /products - Body: {"categoryId":2,"name":"iPhone17","description":"going to launch on december 2025","price":90000,"createdBy":"Himanshi"}
2025-08-14 12:39:43 [[32minfo[39m]: New product added: {"categoryId":2,"name":"iPhone17","description":"going to launch on december 2025","price":90000,"createdBy":"Himanshi"}
2025-08-14 12:40:21 [[32minfo[39m]: GET /products/1 - Body: {"categoryId":2,"name":"iPhone17","description":"going to launch on december 2025","price":90000,"createdBy":"Himanshi"}
2025-08-14 12:40:46 [[32minfo[39m]: GET /products/2 - Body: {"categoryId":2,"name":"iPhone17","description":"going to launch on december 2025","price":90000,"createdBy":"Himanshi"}
2025-08-14 12:40:48 [[32minfo[39m]: GET /products/3 - Body: {"categoryId":2,"name":"iPhone17","description":"going to launch on december 2025","price":90000,"createdBy":"Himanshi"}
2025-08-14 12:42:15 [[32minfo[39m]: Connection has been established successfully.
2025-08-14 12:42:48 [[32minfo[39m]: Connection has been established successfully.
2025-08-14 12:43:01 [[32minfo[39m]: Connection has been established successfully.
2025-08-14 12:43:14 [[32minfo[39m]: Connection has been established successfully.
2025-08-14 12:43:29 [[32minfo[39m]: Connection has been established successfully.
2025-08-14 12:43:30 [[32minfo[39m]: GET /products/3 - Body: {"categoryId":2,"name":"iPhone17","description":"going to launch on december 2025","price":90000,"createdBy":"Himanshi"}
2025-08-14 12:43:30 [[31merror[39m]: Fetch error:Argument passed to findByPk is invalid: [object Object]
2025-08-14 12:44:29 [[32minfo[39m]: GET /products - Body: {"categoryId":2,"name":"iPhone17","description":"going to launch on december 2025","price":90000,"createdBy":"Himanshi"}
2025-08-14 12:44:29 [[32minfo[39m]: Fetched 2 product
2025-08-14 12:44:34 [[32minfo[39m]: GET /products/3 - Body: {"categoryId":2,"name":"iPhone17","description":"going to launch on december 2025","price":90000,"createdBy":"Himanshi"}
2025-08-14 12:44:34 [[31merror[39m]: Fetch error:Argument passed to findByPk is invalid: [object Object]
2025-08-14 12:44:41 [[32minfo[39m]: GET /users - Body: {"categoryId":2,"name":"iPhone17","description":"going to launch on december 2025","price":90000,"createdBy":"Himanshi"}
2025-08-14 12:44:41 [[32minfo[39m]: Fetched 7 user
2025-08-14 12:44:45 [[32minfo[39m]: GET /users/3 - Body: {"categoryId":2,"name":"iPhone17","description":"going to launch on december 2025","price":90000,"createdBy":"Himanshi"}
2025-08-14 12:44:45 [[32minfo[39m]: User Fetched by id:3
2025-08-14 12:45:30 [[32minfo[39m]: Connection has been established successfully.
2025-08-14 12:45:34 [[32minfo[39m]: GET /users - Body: {"categoryId":2,"name":"iPhone17","description":"going to launch on december 2025","price":90000,"createdBy":"Himanshi"}
2025-08-14 12:45:34 [[32minfo[39m]: Fetched 7 user
2025-08-14 12:45:37 [[32minfo[39m]: GET /users/1 - Body: {"categoryId":2,"name":"iPhone17","description":"going to launch on december 2025","price":90000,"createdBy":"Himanshi"}
2025-08-14 12:45:37 [[31merror[39m]: Fetch error:Argument passed to findByPk is invalid: [object Object]
2025-08-14 12:45:47 [[32minfo[39m]: Connection has been established successfully.
2025-08-14 12:45:56 [[32minfo[39m]: Connection has been established successfully.
2025-08-14 12:46:04 [[32minfo[39m]: Connection has been established successfully.
2025-08-14 12:46:20 [[32minfo[39m]: Connection has been established successfully.
2025-08-14 12:46:29 [[32minfo[39m]: GET /products - Body: {"categoryId":2,"name":"iPhone17","description":"going to launch on december 2025","price":90000,"createdBy":"Himanshi"}
2025-08-14 12:46:29 [[32minfo[39m]: Fetched 2 product
2025-08-14 12:46:33 [[32minfo[39m]: GET /products/3 - Body: {"categoryId":2,"name":"iPhone17","description":"going to launch on december 2025","price":90000,"createdBy":"Himanshi"}
2025-08-14 12:46:33 [[32minfo[39m]: Product Fetched by id:3
2025-08-14 12:46:36 [[32minfo[39m]: GET /products/2 - Body: {"categoryId":2,"name":"iPhone17","description":"going to launch on december 2025","price":90000,"createdBy":"Himanshi"}
2025-08-14 12:46:36 [[33mwarn[39m]: product ID 2 not found
2025-08-14 12:55:21 [[32minfo[39m]: PUT /products/3 - Body: {"categoryId":2,"name":"iPhone17","description":"going to launch on november 2025","price":90000,"createdBy":"Himanshi"}
2025-08-14 12:55:21 [[32minfo[39m]: product updated - ID: 3, Data: {"categoryId":2,"name":"iPhone17","description":"going to launch on november 2025","price":90000,"createdBy":"Himanshi"}
2025-08-14 13:03:54 [[32minfo[39m]: GET /order-items - Body: {"categoryId":2,"name":"iPhone17","description":"going to launch on november 2025","price":90000,"createdBy":"Himanshi"}
2025-08-14 13:03:54 [[32minfo[39m]: Fetched 0 orderItem
2025-08-14 13:05:41 [[32minfo[39m]: POST /order-items - Body: {"orderId":3,"productId":"1","quantity":"5","price":3000,"createdBy":"Himanshi"}
2025-08-14 13:05:41 [[32minfo[39m]: New orderItem added: {"orderId":3,"productId":"1","quantity":"5","price":3000,"createdBy":"Himanshi"}
2025-08-14 13:05:55 [[32minfo[39m]: GET /order-items - Body: {"orderId":3,"productId":"1","quantity":"5","price":3000,"createdBy":"Himanshi"}
2025-08-14 13:05:55 [[32minfo[39m]: Fetched 1 orderItem
2025-08-14 13:06:22 [[32minfo[39m]: GET /order-items/1 - Body: {"orderId":3,"productId":"1","quantity":"5","price":3000,"createdBy":"Himanshi"}
2025-08-14 13:06:22 [[32minfo[39m]: orderItem Fetched by id:1
2025-08-14 13:06:37 [[32minfo[39m]: PUT /order-items/1 - Body: {"orderId":3,"productId":"1","quantity":"5","price":4000,"createdBy":"Himanshi"}
2025-08-14 13:06:37 [[32minfo[39m]: orderItem updated - ID: 1, Data: {"orderId":3,"productId":"1","quantity":"5","price":4000,"createdBy":"Himanshi"}
2025-08-14 13:06:45 [[32minfo[39m]: GET /order-items/1 - Body: {"orderId":3,"productId":"1","quantity":"5","price":4000,"createdBy":"Himanshi"}
2025-08-14 13:06:45 [[32minfo[39m]: orderItem Fetched by id:1
2025-08-14 15:18:06 [[32minfo[39m]: Connection has been established successfully.
2025-08-14 15:18:54 [[32minfo[39m]: Connection has been established successfully.
2025-08-14 15:21:41 [[32minfo[39m]: Connection has been established successfully.
2025-08-14 15:22:26 [[32minfo[39m]: Connection has been established successfully.
2025-08-14 15:22:59 [[32minfo[39m]: Connection has been established successfully.
2025-08-14 15:27:24 [[32minfo[39m]: Connection has been established successfully.
2025-08-14 15:27:32 [[32minfo[39m]: Connection has been established successfully.
2025-08-14 15:28:49 [[32minfo[39m]: Connection has been established successfully.
2025-08-14 15:30:56 [[32minfo[39m]: Connection has been established successfully.
2025-08-14 15:32:27 [[32minfo[39m]: Connection has been established successfully.
2025-08-14 15:34:43 [[32minfo[39m]: Connection has been established successfully.
2025-08-14 15:35:48 [[32minfo[39m]: Connection has been established successfully.
2025-08-14 15:36:13 [[32minfo[39m]: Connection has been established successfully.
2025-08-14 15:36:55 [[32minfo[39m]: Connection has been established successfully.
2025-08-14 16:13:43 [[32minfo[39m]: Connection has been established successfully.
2025-08-14 16:54:33 [[32minfo[39m]: Connection has been established successfully.
2025-08-14 16:54:38 [[32minfo[39m]: Connection has been established successfully.
2025-08-14 16:54:59 [[32minfo[39m]: Connection has been established successfully.
2025-08-14 16:55:07 [[32minfo[39m]: Connection has been established successfully.
2025-08-14 16:55:21 [[32minfo[39m]: Connection has been established successfully.
2025-08-14 16:56:29 [[32minfo[39m]: Connection has been established successfully.
2025-08-14 16:57:22 [[32minfo[39m]: Connection has been established successfully.
2025-08-14 16:57:55 [[32minfo[39m]: Connection has been established successfully.
2025-08-14 17:03:30 [[32minfo[39m]: Connection has been established successfully.
2025-08-14 17:09:38 [[32minfo[39m]: Connection has been established successfully.
2025-08-14 17:09:46 [[32minfo[39m]: Connection has been established successfully.
2025-08-14 17:10:31 [[32minfo[39m]: Connection has been established successfully.
2025-08-14 17:10:42 [[32minfo[39m]: Connection has been established successfully.
2025-08-14 17:11:00 [[32minfo[39m]: Connection has been established successfully.
2025-08-14 17:11:06 [[32minfo[39m]: Connection has been established successfully.
2025-08-14 17:11:11 [[32minfo[39m]: Connection has been established successfully.
2025-08-14 17:11:16 [[32minfo[39m]: Connection has been established successfully.
2025-08-14 17:11:26 [[32minfo[39m]: Connection has been established successfully.
2025-08-14 17:28:31 [[32minfo[39m]: Connection has been established successfully.
2025-08-14 17:28:31 [[32minfo[39m]: Connection has been established successfully.
2025-08-14 17:28:34 [[32minfo[39m]: Connection has been established successfully.
2025-08-14 17:29:02 [[32minfo[39m]: Connection has been established successfully.
2025-08-14 17:30:06 [[32minfo[39m]: GET /users - Body: {"orderId":3,"productId":"1","quantity":"5","price":4000,"createdBy":"Himanshi"}
2025-08-14 17:32:17 [[32minfo[39m]: POST /users/login - Body: {"email":"himanshisahu87@gmail.com","password":"Him@12345"}
2025-08-14 17:33:38 [[32minfo[39m]: POST /users/login - Body: {"name":"Himanshi sahu","email":"himanshisahu15@gmail.com","password":"Himanshi@123","role":"admin"}
2025-08-14 17:33:47 [[32minfo[39m]: POST /users - Body: {"name":"Himanshi sahu","email":"himanshisahu15@gmail.com","password":"Himanshi@123","role":"admin"}
2025-08-14 17:33:47 [[32minfo[39m]: New user added: {"name":"Himanshi sahu","email":"himanshisahu15@gmail.com","password":"Himanshi@123","role":"admin"}
2025-08-14 17:35:28 [[32minfo[39m]: POST /users/login - Body: {"email":"himanshisahu15@gmail.com","password":"Himanshi@123"}
2025-08-14 17:38:02 [[32minfo[39m]: Connection has been established successfully.
2025-08-14 17:38:02 [[32minfo[39m]: Connection has been established successfully.
2025-08-14 17:38:25 [[32minfo[39m]: POST /users/login - Body: {"email":"himanshisahu15@gmail.com","password":"Himanshi@123"}
2025-08-14 17:51:09 [[32minfo[39m]: Connection has been established successfully.
2025-08-14 17:51:13 [[32minfo[39m]: POST /users/login - Body: {"email":"himanshisahu15@gmail.com","password":"Himanshi@123"}
2025-08-14 17:51:45 [[32minfo[39m]: POST /users/login - Body: {"email":"himanshisahu15@gmail.com","password":"$2b$10$I0MVTW6j8fFTpOpL0bSpoeL/cOb68gF/IrkLt6J86jCg3qO7zZ33a"}
2025-08-14 18:00:55 [[32minfo[39m]: Connection has been established successfully.
2025-08-14 18:00:55 [[32minfo[39m]: Connection has been established successfully.
2025-08-14 18:04:21 [[32minfo[39m]: POST /users/login - Body: {"email":"himanshisahu87@gmail.com","password":"Him@12345"}
2025-08-14 18:04:38 [[32minfo[39m]: POST /users/login - Body: {"email":"himanshisahu15@gmail.com","password":"Himanshi@123"}
2025-08-14 18:04:58 [[32minfo[39m]: POST /users/login - Body: {"email":"himanshisahu15@gmail.com","password":" $2b$10$I0MVTW6j8fFTpOpL0bSpoeL/cOb68gF/IrkLt6J86jCg3qO7zZ33a"}
2025-08-14 18:12:35 [[32minfo[39m]: Connection has been established successfully.
2025-08-14 18:12:35 [[32minfo[39m]: Connection has been established successfully.
2025-08-14 18:14:13 [[32minfo[39m]: POST /users/login - Body: {"email":"himanshisahu15@gmail.com","password":"Himanshi@15"}
2025-08-14 18:14:21 [[32minfo[39m]: POST /users/login - Body: {"email":"himanshisahu15@gmail.com","password":"Himanshi@123"}
2025-08-14 18:36:22 [[32minfo[39m]: Connection has been established successfully.
2025-08-14 18:36:22 [[32minfo[39m]: Connection has been established successfully.
2025-08-14 18:36:30 [[32minfo[39m]: POST /users/login - Body: {"email":"himanshisahu15@gmail.com","password":"Himanshi@123"}
2025-08-14 18:51:48 [[32minfo[39m]: Connection has been established successfully.
2025-08-14 18:51:48 [[32minfo[39m]: Connection has been established successfully.
2025-08-14 18:53:48 [[32minfo[39m]: Connection has been established successfully.
2025-08-16 16:31:51 [[32minfo[39m]: Connection has been established successfully.
2025-08-16 16:32:07 [[32minfo[39m]: POST /users/login - Body: {"email":"himanshisahu15@gmail.com","password":"Himanshi@123"}
2025-08-16 16:33:59 [[32minfo[39m]: GET /users - Body: {"email":"himanshisahu15@gmail.com","password":"Himanshi@123"}
2025-08-16 16:36:41 [[32minfo[39m]: GET /users - Body: {"email":"himanshisahu15@gmail.com","password":"Himanshi@123"}
2025-08-16 16:36:41 [[32minfo[39m]: Fetched 8 user
2025-08-16 16:37:03 [[32minfo[39m]: GET /users/3 - Body: {"email":"himanshisahu15@gmail.com","password":"Himanshi@123"}
2025-08-16 16:37:03 [[32minfo[39m]: User Fetched by id:3
2025-08-16 16:37:53 [[32minfo[39m]: GET /users/search?uname=Manasi - Body: {"email":"himanshisahu15@gmail.com","password":"Himanshi@123"}
2025-08-16 16:37:53 [[33mwarn[39m]: User ID search not found
2025-08-16 16:38:05 [[32minfo[39m]: GET /users/search?uname=%22Manasi%22 - Body: {"email":"himanshisahu15@gmail.com","password":"Himanshi@123"}
2025-08-16 16:38:05 [[33mwarn[39m]: User ID search not found
2025-08-16 16:38:36 [[32minfo[39m]: GET /users/search?uname=Manasi%0A - Body: {"email":"himanshisahu15@gmail.com","password":"Himanshi@123"}
2025-08-16 16:38:36 [[33mwarn[39m]: User ID search not found
2025-08-16 16:38:42 [[32minfo[39m]: GET /users%0A - Body: {"email":"himanshisahu15@gmail.com","password":"Himanshi@123"}
2025-08-16 16:39:02 [[32minfo[39m]: GET /users%0A - Body: {"email":"himanshisahu15@gmail.com","password":"Himanshi@123"}
2025-08-16 16:39:34 [[32minfo[39m]: GET /users/9 - Body: {"name":"Usha","email":"usha@gmail.com","password":"usha@10001","role":"user","createdBy":"Himanshi"}
2025-08-16 16:39:50 [[32minfo[39m]: GET /users/9%0A - Body: {"email":"himanshisahu15@gmail.com","password":"Himanshi@123"}
2025-08-16 16:39:50 [[32minfo[39m]: User Fetched by id:9

2025-08-16 16:41:34 [[32minfo[39m]: GET /users/search?uname=Usha - Body: {"email":"himanshisahu15@gmail.com","password":"Himanshi@123"}
2025-08-16 16:41:34 [[33mwarn[39m]: User ID search not found
2025-08-16 16:44:56 [[32minfo[39m]: Connection has been established successfully.
2025-08-16 16:45:07 [[32minfo[39m]: Connection has been established successfully.
2025-08-16 16:45:12 [[32minfo[39m]: GET /users/search?uname=Usha - Body: {"email":"himanshisahu15@gmail.com","password":"Himanshi@123"}
2025-08-16 16:45:12 [[33mwarn[39m]: User ID search not found
2025-08-16 16:45:24 [[32minfo[39m]: GET /users/search?uname=Manasi - Body: {"email":"himanshisahu15@gmail.com","password":"Himanshi@123"}
2025-08-16 16:45:24 [[33mwarn[39m]: User ID search not found
2025-08-16 16:46:34 [[32minfo[39m]: Connection has been established successfully.
2025-08-16 16:46:43 [[32minfo[39m]: GET /users/search?uname=Manasi - Body: {"email":"himanshisahu15@gmail.com","password":"Himanshi@123"}
2025-08-16 16:46:43 [[33mwarn[39m]: User ID search not found
2025-08-16 16:46:50 [[32minfo[39m]: GET /users/search?uname=Himanshi - Body: {"email":"himanshisahu15@gmail.com","password":"Himanshi@123"}
2025-08-16 16:46:50 [[33mwarn[39m]: User ID search not found
2025-08-16 16:46:56 [[32minfo[39m]: GET /users/search?name=Himanshi - Body: {"email":"himanshisahu15@gmail.com","password":"Himanshi@123"}
2025-08-16 16:46:56 [[33mwarn[39m]: User ID search not found
2025-08-16 16:49:18 [[32minfo[39m]: Connection has been established successfully.
2025-08-16 16:49:49 [[32minfo[39m]: GET /users/search?name=Himanshi - Body: {"email":"himanshisahu15@gmail.com","password":"Himanshi@123"}
2025-08-16 16:49:49 [[33mwarn[39m]: User ID search not found
2025-08-16 16:50:14 [[32minfo[39m]: GET /users - Body: {"email":"himanshisahu15@gmail.com","password":"Himanshi@123"}
2025-08-16 16:50:14 [[32minfo[39m]: Fetched 8 user
2025-08-16 16:51:30 [[32minfo[39m]: GET /users/search?uname=Himanshi%0A - Body: {"email":"himanshisahu15@gmail.com","password":"Himanshi@123"}
2025-08-16 16:51:30 [[33mwarn[39m]: User ID search not found
2025-08-16 16:53:02 [[32minfo[39m]: Connection has been established successfully.
2025-08-16 16:53:20 [[32minfo[39m]: GET /users/search?uname=Himanshi%0A - Body: {"email":"himanshisahu15@gmail.com","password":"Himanshi@123"}
2025-08-16 16:53:20 [[33mwarn[39m]: No users found with name: Himanshi

2025-08-16 16:53:30 [[32minfo[39m]: GET /users/search?uname=Manasi%0A - Body: {"email":"himanshisahu15@gmail.com","password":"Himanshi@123"}
2025-08-16 16:53:30 [[33mwarn[39m]: No users found with name: Manasi

2025-08-16 16:54:23 [[32minfo[39m]: Connection has been established successfully.
2025-08-16 16:54:55 [[32minfo[39m]: GET /users/search?uname=Manasi%0A - Body: {"email":"himanshisahu15@gmail.com","password":"Himanshi@123"}
2025-08-16 16:54:55 [[32minfo[39m]: User find with name:Manasi

2025-08-16 16:56:13 [[32minfo[39m]: GET /products%0A - Body: {"email":"himanshisahu15@gmail.com","password":"Himanshi@123"}
2025-08-16 16:56:26 [[32minfo[39m]: GET /products%0A - Body: undefined
2025-08-16 16:56:45 [[32minfo[39m]: GET /products%0A - Body: undefined
2025-08-16 16:57:38 [[32minfo[39m]: GET /products - Body: undefined
2025-08-16 16:57:38 [[32minfo[39m]: Fetched 2 product
2025-08-16 16:58:10 [[32minfo[39m]: POST /categories - Body: {}
2025-08-16 16:58:16 [[32minfo[39m]: GET /categories - Body: {}
2025-08-16 16:58:16 [[32minfo[39m]: Fetched 2 category
2025-08-16 16:59:02 [[32minfo[39m]: GET /categories - Body: {"name":"Jwellery","description":"Women accessories"}
2025-08-16 16:59:02 [[32minfo[39m]: Fetched 2 category
2025-08-16 16:59:13 [[32minfo[39m]: POST /categories - Body: {"name":"Jwellery","description":"Women accessories"}
2025-08-16 16:59:13 [[32minfo[39m]: New category added: {"name":"Jwellery","description":"Women accessories"}
2025-08-16 16:59:19 [[32minfo[39m]: GET /categories - Body: {"name":"Jwellery","description":"Women accessories"}
2025-08-16 16:59:19 [[32minfo[39m]: Fetched 3 category
2025-08-16 16:59:43 [[32minfo[39m]: GET /users - Body: {"name":"Jwellery","description":"Women accessories"}
2025-08-16 16:59:43 [[32minfo[39m]: Fetched 8 user
2025-08-16 17:00:41 [[32minfo[39m]: POST /users - Body: {"name":"Bhavna","email":"bhavna@gmail.com","password":"bhavna@12345","role":"user"}
2025-08-16 17:00:41 [[32minfo[39m]: New user added: {"name":"Bhavna","email":"bhavna@gmail.com","password":"bhavna@12345","role":"user"}
2025-08-16 17:00:47 [[32minfo[39m]: GET /users - Body: {"name":"Bhavna","email":"bhavna@gmail.com","password":"bhavna@12345","role":"user"}
2025-08-16 17:00:47 [[32minfo[39m]: Fetched 9 user
2025-08-16 17:02:13 [[32minfo[39m]: PUT /users/12 - Body: {"name":"Bhavna Tikare","email":"bhavna@gmail.com","password":"bhavna@12345","role":"user"}
2025-08-16 17:02:13 [[32minfo[39m]: User updated - ID: 12, Data: {"name":"Bhavna Tikare","email":"bhavna@gmail.com","password":"bhavna@12345","role":"user"}
2025-08-16 17:02:18 [[32minfo[39m]: GET /users/12 - Body: {"name":"Bhavna Tikare","email":"bhavna@gmail.com","password":"bhavna@12345","role":"user"}
2025-08-16 17:02:18 [[32minfo[39m]: User Fetched by id:12
2025-08-16 17:03:18 [[32minfo[39m]: GET /products - Body: {"name":"Bhavna Tikare","email":"bhavna@gmail.com","password":"bhavna@12345","role":"user"}
2025-08-16 17:03:18 [[32minfo[39m]: Fetched 2 product
2025-08-16 17:03:48 [[32minfo[39m]: PUT /products/3 - Body: {"categoryId":2,"name":"iPhone17","description":"going to launch on november 2025","price":"60000.00"}
2025-08-16 17:03:48 [[32minfo[39m]: product updated - ID: 3, Data: {"categoryId":2,"name":"iPhone17","description":"going to launch on november 2025","price":"60000.00"}
2025-08-16 17:03:51 [[32minfo[39m]: GET /products/3 - Body: {"categoryId":2,"name":"iPhone17","description":"going to launch on november 2025","price":"60000.00"}
2025-08-16 17:03:51 [[32minfo[39m]: Product Fetched by id:3
2025-08-16 17:07:26 [[32minfo[39m]: GET /users - Body: {"categoryId":2,"name":"iPhone17","description":"going to launch on november 2025","price":"60000.00"}
2025-08-16 17:07:26 [[32minfo[39m]: Fetched 9 user
2025-08-16 17:08:19 [[32minfo[39m]: DELETE /users/12 - Body: {"categoryId":2,"name":"iPhone17","description":"going to launch on november 2025","price":"60000.00"}
2025-08-16 17:08:19 [[32minfo[39m]: User deleted with Id:12
2025-08-16 17:08:23 [[32minfo[39m]: GET /users/12 - Body: {"categoryId":2,"name":"iPhone17","description":"going to launch on november 2025","price":"60000.00"}
2025-08-16 17:08:23 [[33mwarn[39m]: User ID 12 not found
2025-08-16 17:08:29 [[32minfo[39m]: GET /users - Body: {"categoryId":2,"name":"iPhone17","description":"going to launch on november 2025","price":"60000.00"}
2025-08-16 17:08:29 [[32minfo[39m]: Fetched 8 user
2025-08-16 17:11:02 [[32minfo[39m]: POST /users/login - Body: {"email":"manasi12@gmail.com","password":"man@123123"}
2025-08-16 17:12:20 [[32minfo[39m]: POST /users/login - Body: {"email":"manasi12@gmail.com","password":"man@123123"}
2025-08-16 17:13:43 [[32minfo[39m]: POST /users/login - Body: {"email":"shruti12@gmail.com","password":"$2b$10$.ZhOXOMcTyNUBz115SAU9erqA80UAkMiigRH6ld8BSlFAsoQTPh76"}
2025-08-16 17:13:55 [[32minfo[39m]: GET /users - Body: {"email":"shruti12@gmail.com","password":"$2b$10$.ZhOXOMcTyNUBz115SAU9erqA80UAkMiigRH6ld8BSlFAsoQTPh76"}
2025-08-16 17:14:22 [[32minfo[39m]: POST /users/login - Body: {"email":"himanshisahu15@gmail.com","password":"Himanshi@123"}
2025-08-16 17:14:50 [[32minfo[39m]: GET /users - Body: {"email":"himanshisahu15@gmail.com","password":"Himanshi@123"}
2025-08-16 17:14:59 [[32minfo[39m]: GET /users - Body: {"email":"himanshisahu15@gmail.com","password":"Himanshi@123"}
2025-08-16 17:15:05 [[32minfo[39m]: GET /users - Body: {"email":"himanshisahu15@gmail.com","password":"Himanshi@123"}
2025-08-16 17:15:55 [[32minfo[39m]: GET /users - Body: {"email":"himanshisahu15@gmail.com","password":"Himanshi@123"}
2025-08-16 17:16:26 [[32minfo[39m]: GET /users - Body: {"email":"himanshisahu15@gmail.com","password":"Himanshi@123"}
2025-08-16 17:16:33 [[32minfo[39m]: GET /users - Body: {"email":"himanshisahu15@gmail.com","password":"Himanshi@123"}
2025-08-16 17:16:33 [[32minfo[39m]: Fetched 8 user
2025-08-16 17:17:30 [[32minfo[39m]: POST /users - Body: {"name":"Yuvraj","email":"yuvraj78@gmail.com","password":"yuv@12345","role":"user"}
2025-08-16 17:17:30 [[32minfo[39m]: New user added: {"name":"Yuvraj","email":"yuvraj78@gmail.com","password":"yuv@12345","role":"user"}
2025-08-16 17:17:33 [[32minfo[39m]: GET /users - Body: {"name":"Yuvraj","email":"yuvraj78@gmail.com","password":"yuv@12345","role":"user"}
2025-08-16 17:17:33 [[32minfo[39m]: Fetched 9 user
2025-08-16 17:17:57 [[32minfo[39m]: POST /users/login - Body: {"email":"yuvraj78@gmail.com","password":"yuv@12345"}
2025-08-16 17:18:27 [[32minfo[39m]: GET /users - Body: {"email":"yuvraj78@gmail.com","password":"yuv@12345"}
2025-08-16 17:18:27 [[32minfo[39m]: Fetched 9 user
2025-08-16 17:18:52 [[32minfo[39m]: DELETE /users/11 - Body: {"email":"yuvraj78@gmail.com","password":"yuv@12345"}
2025-08-16 17:22:34 [[32minfo[39m]: Connection has been established successfully.
2025-08-16 17:26:54 [[32minfo[39m]: GET /categories - Body: {"email":"yuvraj78@gmail.com","password":"yuv@12345"}
2025-08-16 17:26:54 [[32minfo[39m]: Fetched 3 category
2025-08-16 17:27:18 [[32minfo[39m]: PUT /categories - Body: {"name":"Jwellery","description":"Women accessories designs"}
2025-08-16 17:27:27 [[32minfo[39m]: GET /categories - Body: {"name":"Jwellery","description":"Women accessories designs"}
2025-08-16 17:27:27 [[32minfo[39m]: Fetched 3 category
2025-08-16 17:27:31 [[32minfo[39m]: GET /categories/4 - Body: {"name":"Jwellery","description":"Women accessories designs"}
2025-08-16 17:27:31 [[32minfo[39m]: Category Fetched by id:4
2025-08-16 17:27:40 [[32minfo[39m]: PUT /categories/4 - Body: {"name":"Jwellery","description":"Women accessories designs"}
2025-08-16 17:27:40 [[32minfo[39m]: Catogory updated - ID: 4, Data: {"name":"Jwellery","description":"Women accessories designs"}
2025-08-16 17:27:45 [[32minfo[39m]: GET /categories/4 - Body: {"name":"Jwellery","description":"Women accessories designs"}
2025-08-16 17:27:45 [[32minfo[39m]: Category Fetched by id:4
2025-08-16 17:29:10 [[32minfo[39m]: Connection has been established successfully.
2025-08-16 17:29:17 [[32minfo[39m]: Connection has been established successfully.
2025-08-16 17:29:46 [[32minfo[39m]: Connection has been established successfully.
2025-08-16 17:30:02 [[32minfo[39m]: Connection has been established successfully.
2025-08-16 17:30:19 [[32minfo[39m]: Connection has been established successfully.
2025-08-16 17:30:31 [[32minfo[39m]: PUT /categories/4 - Body: {"name":"Jwellery","description":"Women accessories "}
2025-08-16 17:30:31 [[32minfo[39m]: Catogory updated - ID: 4, Data: {"name":"Jwellery","description":"Women accessories "}
2025-08-16 17:30:34 [[32minfo[39m]: GET /categories/4 - Body: {"name":"Jwellery","description":"Women accessories "}
2025-08-16 17:30:34 [[32minfo[39m]: Category Fetched by id:4
2025-08-16 17:31:30 [[32minfo[39m]: Connection has been established successfully.
2025-08-16 17:31:39 [[32minfo[39m]: Connection has been established successfully.
2025-08-16 17:32:16 [[32minfo[39m]: Connection has been established successfully.
2025-08-16 17:32:26 [[32minfo[39m]: Connection has been established successfully.
2025-08-16 17:33:03 [[32minfo[39m]: Connection has been established successfully.
2025-08-16 17:33:18 [[32minfo[39m]: PUT /categories/4 - Body: {"name":"Jwellery","description":"Women accessories design"}
2025-08-16 17:33:18 [[32minfo[39m]: Catogory updated - ID: 4, Data: {"name":"Jwellery","description":"Women accessories design"}
2025-08-16 17:33:21 [[32minfo[39m]: GET /categories/4 - Body: {"name":"Jwellery","description":"Women accessories design"}
2025-08-16 17:33:21 [[32minfo[39m]: Category Fetched by id:4
2025-08-16 17:36:01 [[32minfo[39m]: Connection has been established successfully.
2025-08-16 17:36:20 [[32minfo[39m]: PUT /categories/4 - Body: {"name":"Jwellery","description":"Women accessories "}
2025-08-16 17:36:20 [[32minfo[39m]: Catogory updated - ID: 4, Data: {"name":"Jwellery","description":"Women accessories "}
2025-08-16 17:36:29 [[32minfo[39m]: GET /categories/4 - Body: {"name":"Jwellery","description":"Women accessories "}
2025-08-16 17:36:29 [[32minfo[39m]: Category Fetched by id:4
2025-08-16 17:58:37 [[32minfo[39m]: Connection has been established successfully.
2025-08-16 17:59:36 [[32minfo[39m]: Connection has been established successfully.
2025-08-16 18:00:09 [[32minfo[39m]: Connection has been established successfully.
2025-08-16 18:00:21 [[32minfo[39m]: Connection has been established successfully.
2025-08-16 18:00:27 [[32minfo[39m]: Connection has been established successfully.
2025-08-16 18:00:44 [[32minfo[39m]: Connection has been established successfully.
2025-08-16 18:01:43 [[32minfo[39m]: Connection has been established successfully.
2025-08-16 18:03:00 [[32minfo[39m]: Connection has been established successfully.
2025-08-16 18:03:29 [[32minfo[39m]: GET /prodcuts - Body: {"name":"Jwellery","description":"Women accessories "}
2025-08-16 18:03:39 [[32minfo[39m]: GET /products - Body: {"name":"Jwellery","description":"Women accessories "}
2025-08-16 18:03:39 [[32minfo[39m]: Fetched 2 product
2025-08-16 18:03:56 [[32minfo[39m]: GET /products/search?pname=Kurta - Body: {"name":"Jwellery","description":"Women accessories "}
2025-08-16 18:03:56 [[33mwarn[39m]: product ID search not found
2025-08-16 18:05:06 [[32minfo[39m]: Connection has been established successfully.
2025-08-16 18:05:49 [[32minfo[39m]: Connection has been established successfully.
2025-08-16 18:05:53 [[32minfo[39m]: GET /products/search?pname=Kurta - Body: {"name":"Jwellery","description":"Women accessories "}
2025-08-16 18:05:53 [[33mwarn[39m]: product ID search not found
2025-08-16 18:07:37 [[32minfo[39m]: Connection has been established successfully.
2025-08-16 18:07:43 [[32minfo[39m]: GET /products/search?pname=Kurta - Body: {"name":"Jwellery","description":"Women accessories "}
2025-08-16 18:07:43 [[33mwarn[39m]: product ID search not found
2025-08-16 18:08:06 [[32minfo[39m]: Connection has been established successfully.
2025-08-16 18:08:07 [[32minfo[39m]: GET /products/search?pname=Kurta - Body: {"name":"Jwellery","description":"Women accessories "}
2025-08-16 18:08:07 [[33mwarn[39m]: product ID search not found
2025-08-16 18:09:00 [[32minfo[39m]: Connection has been established successfully.
2025-08-16 18:09:10 [[32minfo[39m]: GET /products/search?pname=Kurta - Body: {"name":"Jwellery","description":"Women accessories "}
2025-08-16 18:09:10 [[33mwarn[39m]: product ID search not found
2025-08-16 18:09:30 [[32minfo[39m]: GET /products/categories/2 - Body: {"name":"Jwellery","description":"Women accessories "}
2025-08-16 18:10:28 [[32minfo[39m]: GET /products/categories/2 - Body: {"name":"Jwellery","description":"Women accessories "}
2025-08-16 18:11:50 [[32minfo[39m]: Connection has been established successfully.
2025-08-16 18:13:21 [[32minfo[39m]: Connection has been established successfully.
2025-08-16 18:14:11 [[32minfo[39m]: Connection has been established successfully.
2025-08-16 18:14:59 [[32minfo[39m]: Connection has been established successfully.
2025-08-16 18:15:49 [[32minfo[39m]: GET /products/search?name=Kurta - Body: {"name":"Jwellery","description":"Women accessories "}
2025-08-16 18:15:49 [[33mwarn[39m]: product ID search not found
2025-08-16 18:15:56 [[32minfo[39m]: GET /products/search?pname=Kurta - Body: {"name":"Jwellery","description":"Women accessories "}
2025-08-16 18:15:56 [[33mwarn[39m]: product ID search not found
2025-08-16 18:16:15 [[32minfo[39m]: GET /products/search?pname=iPhone17 - Body: {"name":"Jwellery","description":"Women accessories "}
2025-08-16 18:16:15 [[33mwarn[39m]: product ID search not found
2025-08-16 18:17:14 [[32minfo[39m]: Connection has been established successfully.
2025-08-16 18:17:15 [[32minfo[39m]: GET /products/search?pname=iPhone17 - Body: {"name":"Jwellery","description":"Women accessories "}
2025-08-16 18:17:15 [[32minfo[39m]: Product Fetched by name:iPhone17
2025-08-16 18:17:31 [[32minfo[39m]: Connection has been established successfully.
2025-08-16 18:17:55 [[32minfo[39m]: GET /products/sort?order=asc - Body: {"name":"Jwellery","description":"Women accessories "}
2025-08-16 18:17:55 [[33mwarn[39m]: product ID sort not found
2025-08-16 18:18:17 [[32minfo[39m]: GET /products/sort?order=desc - Body: {"name":"Jwellery","description":"Women accessories "}
2025-08-16 18:18:17 [[33mwarn[39m]: product ID sort not found
2025-08-16 18:18:33 [[32minfo[39m]: Connection has been established successfully.
2025-08-16 18:18:34 [[32minfo[39m]: GET /products/sort?order=desc - Body: {"name":"Jwellery","description":"Women accessories "}
2025-08-16 18:18:34 [[31merror[39m]: Fetch error:Unknown column 'Product.order' in 'where clause'
2025-08-16 18:22:36 [[32minfo[39m]: Connection has been established successfully.
2025-08-16 18:22:45 [[32minfo[39m]: GET /products/sort?order=desc - Body: {"name":"Jwellery","description":"Women accessories "}
2025-08-16 18:22:45 [[32minfo[39m]: Product sorted by price
2025-08-16 18:22:45 [[31merror[39m]: Fetch error:Cannot set headers after they are sent to the client
2025-08-16 18:22:57 [[32minfo[39m]: GET /products/sort?order=asc - Body: {"name":"Jwellery","description":"Women accessories "}
2025-08-16 18:22:57 [[32minfo[39m]: Product sorted by price
2025-08-16 18:22:57 [[31merror[39m]: Fetch error:Cannot set headers after they are sent to the client
2025-08-16 18:23:27 [[32minfo[39m]: GET /products/categories/2 - Body: {"name":"Jwellery","description":"Women accessories "}
2025-08-16 18:23:27 [[32minfo[39m]: Product Fetched by cid:2
2025-08-16 18:24:08 [[32minfo[39m]: Connection has been established successfully.
2025-08-18 11:20:58 [[32minfo[39m]: Connection has been established successfully.
2025-08-18 11:21:39 [[32minfo[39m]: POST /users/login - Body: {"email":"himanshisahu15@gmail.com","password":"Himanshi@123"}
2025-08-18 11:22:15 [[32minfo[39m]: GET /users - Body: {"email":"himanshisahu15@gmail.com","password":"Himanshi@123"}
2025-08-18 11:22:15 [[32minfo[39m]: Fetched 9 user
2025-08-18 11:23:16 [[32minfo[39m]: POST /users - Body: {"name":"priya","email":"priya789@gmail.com","password":"Priya@12345","role":"user"}
2025-08-18 11:23:16 [[32minfo[39m]: New user added: {"name":"priya","email":"priya789@gmail.com","password":"Priya@12345","role":"user"}
2025-08-18 11:23:20 [[32minfo[39m]: GET /users - Body: {"name":"priya","email":"priya789@gmail.com","password":"Priya@12345","role":"user"}
2025-08-18 11:23:20 [[32minfo[39m]: Fetched 10 user
2025-08-18 11:23:52 [[32minfo[39m]: PUT /users/14 - Body: {"name":"priya","email":"priya789000@gmail.com","password":"Priya@12345","role":"user"}
2025-08-18 11:23:52 [[32minfo[39m]: User updated - ID: 14, Data: {"name":"priya","email":"priya789000@gmail.com","password":"Priya@12345","role":"user"}
2025-08-18 11:23:56 [[32minfo[39m]: GET /users/14 - Body: {"name":"priya","email":"priya789000@gmail.com","password":"Priya@12345","role":"user"}
2025-08-18 11:23:56 [[32minfo[39m]: User Fetched by id:14
2025-08-18 11:24:15 [[32minfo[39m]: GET /products - Body: {"name":"priya","email":"priya789000@gmail.com","password":"Priya@12345","role":"user"}
2025-08-18 11:24:15 [[32minfo[39m]: Fetched 2 product
2025-08-18 11:24:58 [[32minfo[39m]: GET /products - Body: {"categoryId":1,"name":"Suit","description":"Traditional wear","price":"800"}
2025-08-18 11:24:58 [[32minfo[39m]: Fetched 2 product
2025-08-18 11:25:06 [[32minfo[39m]: POST /products - Body: {"categoryId":1,"name":"Suit","description":"Traditional wear","price":"800"}
2025-08-18 11:25:06 [[32minfo[39m]: New product added: {"categoryId":1,"name":"Suit","description":"Traditional wear","price":"800"}
2025-08-18 11:25:10 [[32minfo[39m]: GET /products - Body: {"categoryId":1,"name":"Suit","description":"Traditional wear","price":"800"}
2025-08-18 11:25:10 [[32minfo[39m]: Fetched 3 product
2025-08-18 11:25:30 [[32minfo[39m]: PUT /products/4 - Body: {"categoryId":1,"name":"Suit","description":"Traditional wear suits","price":"800"}
2025-08-18 11:25:30 [[32minfo[39m]: product updated - ID: 4, Data: {"categoryId":1,"name":"Suit","description":"Traditional wear suits","price":"800"}
2025-08-18 11:25:33 [[32minfo[39m]: GET /products/4 - Body: {"categoryId":1,"name":"Suit","description":"Traditional wear suits","price":"800"}
2025-08-18 11:25:33 [[32minfo[39m]: Product Fetched by id:4
2025-08-18 11:26:02 [[32minfo[39m]: Connection has been established successfully.
2025-08-18 11:26:12 [[32minfo[39m]: PUT /products/4 - Body: {"categoryId":1,"name":"Suit","description":"Traditional wear ","price":"800"}
2025-08-18 11:26:12 [[32minfo[39m]: product updated - ID: 4, Data: {"categoryId":1,"name":"Suit","description":"Traditional wear ","price":"800"}
2025-08-18 11:26:16 [[32minfo[39m]: GET /products/4 - Body: {"categoryId":1,"name":"Suit","description":"Traditional wear ","price":"800"}
2025-08-18 11:26:16 [[32minfo[39m]: Product Fetched by id:4
2025-08-18 11:26:31 [[32minfo[39m]: GET /users - Body: {"categoryId":1,"name":"Suit","description":"Traditional wear ","price":"800"}
2025-08-18 11:26:31 [[32minfo[39m]: Fetched 10 user
2025-08-18 11:27:14 [[32minfo[39m]: PUT /users/14 - Body: {"name":"priya","email":"priya789@gmail.com","password":"$2b$10$DV2xhOeqZu49Io/E/D1zbeZeFusHgRGSlD0S9qEchWRdnzryUYzrq","role":"user"}
2025-08-18 11:27:25 [[32minfo[39m]: GET /users - Body: {"name":"priya","email":"priya789@gmail.com","password":"$2b$10$DV2xhOeqZu49Io/E/D1zbeZeFusHgRGSlD0S9qEchWRdnzryUYzrq","role":"user"}
2025-08-18 11:27:25 [[32minfo[39m]: Fetched 10 user
2025-08-18 11:27:54 [[32minfo[39m]: PUT /users/3 - Body: {"name":"Manasi","email":"manasi12000@gmail.com","password":"man@123123","role":"user"}
2025-08-18 11:27:54 [[32minfo[39m]: User updated - ID: 3, Data: {"name":"Manasi","email":"manasi12000@gmail.com","password":"man@123123","role":"user"}
2025-08-18 11:27:58 [[32minfo[39m]: GET /users/3 - Body: {"name":"Manasi","email":"manasi12000@gmail.com","password":"man@123123","role":"user"}
2025-08-18 11:27:58 [[32minfo[39m]: User Fetched by id:3
2025-08-18 11:28:44 [[32minfo[39m]: POST /users - Body: {"name":"dolly","email":"dolly123@gmail.com","password":"dolly@123123","role":"user"}
2025-08-18 11:28:44 [[32minfo[39m]: New user added: {"name":"dolly","email":"dolly123@gmail.com","password":"dolly@123123","role":"user"}
2025-08-18 11:28:48 [[32minfo[39m]: GET /users - Body: {"name":"dolly","email":"dolly123@gmail.com","password":"dolly@123123","role":"user"}
2025-08-18 11:28:48 [[32minfo[39m]: Fetched 11 user
2025-08-18 11:29:06 [[32minfo[39m]: PUT /users/15 - Body: {"name":"dolly","email":"dollysahu123@gmail.com","password":"dolly@123123","role":"user"}
2025-08-18 11:29:07 [[32minfo[39m]: User updated - ID: 15, Data: {"name":"dolly","email":"dollysahu123@gmail.com","password":"dolly@123123","role":"user"}
2025-08-18 11:29:09 [[32minfo[39m]: GET /users/15 - Body: {"name":"dolly","email":"dollysahu123@gmail.com","password":"dolly@123123","role":"user"}
2025-08-18 11:29:09 [[32minfo[39m]: User Fetched by id:15
2025-08-18 11:29:52 [[32minfo[39m]: Connection has been established successfully.
2025-08-18 11:30:59 [[32minfo[39m]: Connection has been established successfully.
2025-08-18 11:31:32 [[32minfo[39m]: Connection has been established successfully.
2025-08-18 11:36:45 [[32minfo[39m]: Connection has been established successfully.
2025-08-18 11:38:04 [[32minfo[39m]: Connection has been established successfully.
2025-08-18 11:38:16 [[32minfo[39m]: GET /categories - Body: {"name":"dolly","email":"dollysahu123@gmail.com","password":"dolly@123123","role":"user"}
2025-08-18 11:38:16 [[32minfo[39m]: Fetched 3 category
2025-08-18 11:38:22 [[32minfo[39m]: GET /categories/2 - Body: {"name":"dolly","email":"dollysahu123@gmail.com","password":"dolly@123123","role":"user"}
2025-08-18 11:38:22 [[32minfo[39m]: Category Fetched by id:2
2025-08-18 11:38:36 [[32minfo[39m]: GET /categories/products/2 - Body: {"name":"dolly","email":"dollysahu123@gmail.com","password":"dolly@123123","role":"user"}
2025-08-18 11:38:36 [[31merror[39m]: Fetch error:Unknown column 'Category.pid' in 'where clause'
2025-08-18 11:46:03 [[32minfo[39m]: Connection has been established successfully.
2025-08-18 11:46:25 [[32minfo[39m]: Connection has been established successfully.
2025-08-18 11:47:27 [[32minfo[39m]: Connection has been established successfully.
2025-08-18 11:47:48 [[32minfo[39m]: GET /categories/products/2 - Body: {"name":"dolly","email":"dollysahu123@gmail.com","password":"dolly@123123","role":"user"}
2025-08-18 11:47:48 [[31merror[39m]: Fetch error:Unknown column 'Product.id' in 'where clause'
2025-08-18 11:48:13 [[32minfo[39m]: Connection has been established successfully.
2025-08-18 11:48:18 [[32minfo[39m]: GET /categories/products/2 - Body: {"name":"dolly","email":"dollysahu123@gmail.com","password":"dolly@123123","role":"user"}
2025-08-18 11:48:18 [[33mwarn[39m]: Category with this product id: 2 is not found
2025-08-18 11:48:25 [[32minfo[39m]: GET /categories/products/3 - Body: {"name":"dolly","email":"dollysahu123@gmail.com","password":"dolly@123123","role":"user"}
2025-08-18 11:48:25 [[32minfo[39m]: Category Fetched by pid:3
2025-08-18 11:50:08 [[32minfo[39m]: GET /categories - Body: {"name":"dolly","email":"dollysahu123@gmail.com","password":"dolly@123123","role":"user"}
2025-08-18 11:50:08 [[32minfo[39m]: Fetched 3 category
2025-08-18 11:54:13 [[32minfo[39m]: Connection has been established successfully.
2025-08-18 11:55:40 [[32minfo[39m]: Connection has been established successfully.
2025-08-18 11:56:13 [[32minfo[39m]: Connection has been established successfully.
2025-08-18 11:56:21 [[32minfo[39m]: GET /categories/2 - Body: {"name":"dolly","email":"dollysahu123@gmail.com","password":"dolly@123123","role":"user"}
2025-08-18 11:56:21 [[32minfo[39m]: Category Fetched by id:2
2025-08-18 11:57:08 [[32minfo[39m]: POST /categories - Body: {"name":"Cosmetics","description":"makeup products"}
2025-08-18 11:57:09 [[32minfo[39m]: New category added: {"name":"Cosmetics","description":"makeup products"}
2025-08-18 11:57:14 [[32minfo[39m]: GET /categories - Body: {"name":"Cosmetics","description":"makeup products"}
2025-08-18 11:57:14 [[32minfo[39m]: Fetched 4 category
2025-08-18 11:57:39 [[32minfo[39m]: PUT /categories/5 - Body: {"name":"Cosmetics","description":"makeup product"}
2025-08-18 11:57:39 [[32minfo[39m]: Catogory updated - ID: 5, Data: {"name":"Cosmetics","description":"makeup product"}
2025-08-18 11:57:43 [[32minfo[39m]: GET /categories/5 - Body: {"name":"Cosmetics","description":"makeup product"}
2025-08-18 11:57:43 [[32minfo[39m]: Category Fetched by id:5
2025-08-18 11:59:03 [[32minfo[39m]: Connection has been established successfully.
2025-08-18 11:59:13 [[32minfo[39m]: PUT /categories/5 - Body: {"name":"Cosmetics","description":"makeup products"}
2025-08-18 11:59:13 [[32minfo[39m]: Catogory updated - ID: 5, Data: {"name":"Cosmetics","description":"makeup products"}
2025-08-18 11:59:17 [[32minfo[39m]: GET /categories/5 - Body: {"name":"Cosmetics","description":"makeup products"}
2025-08-18 11:59:17 [[32minfo[39m]: Category Fetched by id:5
2025-08-18 12:02:24 [[32minfo[39m]: Connection has been established successfully.
2025-08-18 12:03:44 [[32minfo[39m]: Connection has been established successfully.
2025-08-18 12:04:12 [[32minfo[39m]: Connection has been established successfully.
2025-08-18 12:05:10 [[32minfo[39m]: Connection has been established successfully.
2025-08-18 12:05:44 [[32minfo[39m]: PUT /categories/5 - Body: {"name":"Cosmetics","description":"makeup product"}
2025-08-18 12:05:44 [[32minfo[39m]: Catogory updated - ID: 5, Data: {"name":"Cosmetics","description":"makeup product"}
2025-08-18 12:05:48 [[32minfo[39m]: GET /categories/5 - Body: {"name":"Cosmetics","description":"makeup product"}
2025-08-18 12:05:48 [[32minfo[39m]: Category Fetched by id:5
2025-08-18 12:07:28 [[32minfo[39m]: Connection has been established successfully.
2025-08-18 12:13:10 [[32minfo[39m]: Connection has been established successfully.
2025-08-18 12:14:50 [[32minfo[39m]: Connection has been established successfully.
2025-08-18 12:15:35 [[32minfo[39m]: Connection has been established successfully.
2025-08-18 12:15:53 [[32minfo[39m]: GET /orders - Body: {"name":"Cosmetics","description":"makeup product"}
2025-08-18 12:15:53 [[32minfo[39m]: Fetched 6 order
2025-08-18 12:16:10 [[32minfo[39m]: GET /orders/users/3 - Body: {"name":"Cosmetics","description":"makeup product"}
2025-08-18 12:19:12 [[32minfo[39m]: GET /orders/users/3 - Body: {"name":"Cosmetics","description":"makeup product"}
2025-08-18 12:19:28 [[32minfo[39m]: Connection has been established successfully.
2025-08-18 12:19:30 [[32minfo[39m]: GET /orders/users/3 - Body: {"name":"Cosmetics","description":"makeup product"}
2025-08-18 12:19:30 [[32minfo[39m]: ordre Fetched by user id:3
2025-08-18 12:22:06 [[32minfo[39m]: Connection has been established successfully.
2025-08-18 12:22:07 [[32minfo[39m]: GET /orders/users/3 - Body: {"name":"Cosmetics","description":"makeup product"}
2025-08-18 12:22:07 [[32minfo[39m]: ordre Fetched by user id:3
2025-08-18 12:22:28 [[32minfo[39m]: GET /orders/users/4 - Body: {"name":"Cosmetics","description":"makeup product"}
2025-08-18 12:22:28 [[33mwarn[39m]: user ID 4 not found
2025-08-18 12:22:31 [[32minfo[39m]: GET /orders/users/5 - Body: {"name":"Cosmetics","description":"makeup product"}
2025-08-18 12:22:31 [[32minfo[39m]: ordre Fetched by user id:5
2025-08-18 12:25:37 [[32minfo[39m]: Connection has been established successfully.
2025-08-18 12:33:08 [[32minfo[39m]: Connection has been established successfully.
2025-08-18 12:35:26 [[32minfo[39m]: Connection has been established successfully.
2025-08-18 12:36:02 [[32minfo[39m]: Connection has been established successfully.
2025-08-18 12:37:23 [[32minfo[39m]: GET /order-items/products/2 - Body: {"name":"Cosmetics","description":"makeup product"}
2025-08-18 12:37:23 [[33mwarn[39m]: orderItem with product ID 2 not found
2025-08-18 12:38:07 [[32minfo[39m]: GET /order-items/products/3 - Body: {"name":"Cosmetics","description":"makeup product"}
2025-08-18 12:38:07 [[33mwarn[39m]: orderItem with product ID 3 not found
2025-08-18 12:38:15 [[32minfo[39m]: GET /order-items/products/1 - Body: {"name":"Cosmetics","description":"makeup product"}
2025-08-18 12:38:15 [[32minfo[39m]: orderItem Fetched by product id:1
2025-08-18 12:47:27 [[32minfo[39m]: Connection has been established successfully.
2025-08-18 12:48:44 [[32minfo[39m]: Connection has been established successfully.
2025-08-18 12:49:20 [[32minfo[39m]: Connection has been established successfully.
2025-08-18 12:49:39 [[32minfo[39m]: Connection has been established successfully.
2025-08-18 12:50:12 [[32minfo[39m]: Connection has been established successfully.
2025-08-18 12:50:23 [[32minfo[39m]: GET /order-items/products/1 - Body: {"name":"Cosmetics","description":"makeup product"}
2025-08-18 12:50:23 [[32minfo[39m]: orderItem Fetched by product id:1
2025-08-18 13:10:47 [[32minfo[39m]: Connection has been established successfully.
2025-08-18 13:11:00 [[32minfo[39m]: Connection has been established successfully.
2025-08-18 13:11:27 [[32minfo[39m]: Connection has been established successfully.
2025-08-18 13:14:40 [[32minfo[39m]: Connection has been established successfully.
2025-08-18 13:15:07 [[32minfo[39m]: Connection has been established successfully.
2025-08-18 13:15:26 [[32minfo[39m]: Connection has been established successfully.
2025-08-18 13:15:56 [[32minfo[39m]: Connection has been established successfully.
2025-08-18 13:16:19 [[32minfo[39m]: Connection has been established successfully.
2025-08-18 13:16:29 [[32minfo[39m]: GET /users - Body: {"name":"Cosmetics","description":"makeup product"}
2025-08-18 13:17:40 [[32minfo[39m]: POST /users/login - Body: {"email":"himanshisahu15@gmail.com","password":"Himanshi@123"}
2025-08-18 13:18:03 [[32minfo[39m]: GET /users - Body: {"email":"himanshisahu15@gmail.com","password":"Himanshi@123"}
2025-08-18 13:18:03 [[32minfo[39m]: Fetched 11 user
2025-08-18 13:22:32 [[32minfo[39m]: Connection has been established successfully.
2025-08-18 13:22:32 [[32minfo[39m]: Connection has been established successfully.
2025-08-18 13:31:20 [[32minfo[39m]: Connection has been established successfully.
2025-08-18 13:31:20 [[32minfo[39m]: Connection has been established successfully.
2025-08-18 13:32:28 [[32minfo[39m]: Connection has been established successfully.
2025-08-18 13:32:28 [[32minfo[39m]: Connection has been established successfully.
2025-08-18 13:33:11 [[32minfo[39m]: Connection has been established successfully.
2025-08-18 13:33:11 [[32minfo[39m]: Connection has been established successfully.
2025-08-18 13:34:27 [[32minfo[39m]: Connection has been established successfully.
2025-08-18 13:34:27 [[32minfo[39m]: Connection has been established successfully.
2025-08-18 13:34:53 [[32minfo[39m]: Connection has been established successfully.
2025-08-18 13:34:54 [[32minfo[39m]: Connection has been established successfully.
2025-08-18 13:35:37 [[32minfo[39m]: Connection has been established successfully.
2025-08-18 13:35:37 [[32minfo[39m]: Connection has been established successfully.
2025-08-18 13:35:44 [[32minfo[39m]: Connection has been established successfully.
2025-08-18 13:35:44 [[32minfo[39m]: Connection has been established successfully.
2025-08-18 13:39:38 [[32minfo[39m]: Connection has been established successfully.
2025-08-18 13:39:38 [[32minfo[39m]: Connection has been established successfully.
2025-08-18 13:40:14 [[32minfo[39m]: Connection has been established successfully.
2025-08-18 13:40:14 [[32minfo[39m]: Connection has been established successfully.
2025-08-18 13:40:58 [[32minfo[39m]: Connection has been established successfully.
2025-08-18 13:40:58 [[32minfo[39m]: Connection has been established successfully.
2025-08-18 13:41:08 [[32minfo[39m]: Connection has been established successfully.
2025-08-18 13:41:08 [[32minfo[39m]: Connection has been established successfully.
2025-08-18 13:41:37 [[32minfo[39m]: Connection has been established successfully.
2025-08-18 13:41:37 [[32minfo[39m]: Connection has been established successfully.
2025-08-18 13:42:07 [[32minfo[39m]: Connection has been established successfully.
2025-08-18 13:42:07 [[32minfo[39m]: Connection has been established successfully.
2025-08-18 13:42:14 [[32minfo[39m]: Connection has been established successfully.
2025-08-18 13:42:14 [[32minfo[39m]: Connection has been established successfully.
2025-08-18 13:42:18 [[32minfo[39m]: Connection has been established successfully.
2025-08-18 13:42:18 [[32minfo[39m]: Connection has been established successfully.
2025-08-18 13:42:23 [[32minfo[39m]: Connection has been established successfully.
2025-08-18 13:42:23 [[32minfo[39m]: Connection has been established successfully.
2025-08-18 13:43:51 [[32minfo[39m]: GET /users - Body: {"email":"himanshisahu15@gmail.com","password":"Himanshi@123"}
2025-08-18 13:43:58 [[32minfo[39m]: GET /products - Body: {"email":"himanshisahu15@gmail.com","password":"Himanshi@123"}
2025-08-18 13:43:58 [[32minfo[39m]: Fetched 3 product
2025-08-18 13:46:07 [[32minfo[39m]: Connection has been established successfully.
2025-08-18 13:46:08 [[32minfo[39m]: Connection has been established successfully.
2025-08-18 13:47:26 [[32minfo[39m]: Connection has been established successfully.
2025-08-18 13:47:26 [[32minfo[39m]: Connection has been established successfully.
2025-08-18 13:47:32 [[32minfo[39m]: Connection has been established successfully.
2025-08-18 13:47:32 [[32minfo[39m]: Connection has been established successfully.
2025-08-18 13:48:17 [[32minfo[39m]: Connection has been established successfully.
2025-08-18 13:48:17 [[32minfo[39m]: Connection has been established successfully.
2025-08-18 13:49:42 [[32minfo[39m]: Connection has been established successfully.
2025-08-18 13:49:43 [[32minfo[39m]: Connection has been established successfully.
2025-08-18 13:50:46 [[32minfo[39m]: GET /orders/users/2 - Body: {"email":"himanshisahu15@gmail.com","password":"Himanshi@123"}
2025-08-18 13:50:54 [[32minfo[39m]: GET /orders/users/2 - Body: {"email":"himanshisahu15@gmail.com","password":"Himanshi@123"}
2025-08-18 13:50:54 [[33mwarn[39m]: user ID 2 not found
2025-08-18 13:50:58 [[32minfo[39m]: GET /orders/users/1 - Body: {"email":"himanshisahu15@gmail.com","password":"Himanshi@123"}
2025-08-18 13:50:58 [[33mwarn[39m]: user ID 1 not found
2025-08-18 13:51:00 [[32minfo[39m]: GET /orders/users/3 - Body: {"email":"himanshisahu15@gmail.com","password":"Himanshi@123"}
2025-08-18 13:51:00 [[32minfo[39m]: ordre Fetched by user id:3
2025-08-18 14:30:17 [[32minfo[39m]: GET /orders/users/4 - Body: {"email":"himanshisahu15@gmail.com","password":"Himanshi@123"}
2025-08-18 14:30:33 [[32minfo[39m]: GET /users - Body: {"email":"himanshisahu15@gmail.com","password":"Himanshi@123"}
2025-08-18 14:30:53 [[32minfo[39m]: Connection has been established successfully.
2025-08-18 14:31:01 [[32minfo[39m]: GET /users - Body: {"email":"himanshisahu15@gmail.com","password":"Himanshi@123"}
2025-08-18 14:31:21 [[32minfo[39m]: POST /users/login - Body: {"email":"himanshisahu15@gmail.com","password":"Himanshi@123"}
2025-08-18 14:32:17 [[32minfo[39m]: POST /users/login - Body: {"email":"himanshisahu15@gmail.com","password":"Himanshi@123"}
2025-08-18 14:32:28 [[32minfo[39m]: GET /users - Body: {"email":"himanshisahu15@gmail.com","password":"Himanshi@123"}
2025-08-18 14:32:33 [[32minfo[39m]: GET /users - Body: {"email":"himanshisahu15@gmail.com","password":"Himanshi@123"}
2025-08-18 14:32:53 [[32minfo[39m]: GET /users - Body: {"email":"himanshisahu15@gmail.com","password":"Himanshi@123"}
2025-08-18 14:33:05 [[32minfo[39m]: POST /users/login - Body: {"email":"himanshisahu15@gmail.com","password":"Himanshi@123"}
2025-08-18 14:33:39 [[32minfo[39m]: GET /users - Body: {"email":"himanshisahu15@gmail.com","password":"Himanshi@123"}
2025-08-18 14:33:39 [[32minfo[39m]: Fetched 11 user
2025-08-18 14:55:57 [[32minfo[39m]: Connection has been established successfully.
2025-08-18 14:55:57 [[32minfo[39m]: Connection has been established successfully.
2025-08-18 14:55:57 [[32minfo[39m]: Connection has been established successfully.
2025-08-18 14:56:27 [[32minfo[39m]: GET /users - Body: {"email":"himanshisahu15@gmail.com","password":"Himanshi@123"}
2025-08-18 14:56:27 [[32minfo[39m]: Fetched 11 user
2025-08-18 14:57:44 [[32minfo[39m]: POST /users - Body: {"name":"Garima","email":"garima123@gmail.com","password":"Garima@123","role":"admin"}
2025-08-18 14:57:44 [[32minfo[39m]: New user added: {"name":"Garima","email":"garima123@gmail.com","password":"Garima@123","role":"admin"}
2025-08-18 14:57:50 [[32minfo[39m]: GET /users - Body: {"name":"Garima","email":"garima123@gmail.com","password":"Garima@123","role":"admin"}
2025-08-18 14:58:15 [[32minfo[39m]: POST /users/login - Body: {"email":"garima123@gmail.com","password":"Garima@123"}
2025-08-18 14:58:47 [[32minfo[39m]: GET /users - Body: {"email":"garima123@gmail.com","password":"Garima@123"}
2025-08-18 14:58:47 [[32minfo[39m]: Fetched 12 user
2025-08-18 14:59:36 [[32minfo[39m]: PUT /users/16 - Body: {"name":"Garima","email":"garima1234@gmail.com","password":"$2b$10$Ge16h1NIq9DkMAZj26aLiOpF0TmwUeKWKcU.RMai4p5ck5MiwCtw6","role":"admin"}
2025-08-18 14:59:51 [[32minfo[39m]: PUT /users/16 - Body: {"name":"Garima","email":"garima1234@gmail.com","password":"Garima@123","role":"admin"}
2025-08-18 14:59:51 [[32minfo[39m]: User updated - ID: 16, Data: {"name":"Garima","email":"garima1234@gmail.com","password":"Garima@123","role":"admin"}
2025-08-18 14:59:55 [[32minfo[39m]: GET /users/16 - Body: {"name":"Garima","email":"garima1234@gmail.com","password":"Garima@123","role":"admin"}
2025-08-18 14:59:55 [[32minfo[39m]: User Fetched by id:16
2025-08-18 15:01:15 [[32minfo[39m]: PUT /users/16 - Body: {"name":"Garima","email":"garima1234@gmail.com","password":"Garima@123","role":"admin","createdBy":"Himanshi"}
2025-08-18 15:01:15 [[32minfo[39m]: User updated - ID: 16, Data: {"name":"Garima","email":"garima1234@gmail.com","password":"Garima@123","role":"admin","createdBy":"Himanshi"}
2025-08-18 15:01:20 [[32minfo[39m]: GET /users/16 - Body: {"name":"Garima","email":"garima1234@gmail.com","password":"Garima@123","role":"admin","createdBy":"Himanshi"}
2025-08-18 15:01:20 [[32minfo[39m]: User Fetched by id:16
2025-08-18 15:04:09 [[32minfo[39m]: Connection has been established successfully.
2025-08-18 15:04:09 [[32minfo[39m]: Connection has been established successfully.
2025-08-18 15:04:09 [[32minfo[39m]: Connection has been established successfully.
2025-08-18 15:04:45 [[32minfo[39m]: Connection has been established successfully.
2025-08-18 15:04:45 [[32minfo[39m]: Connection has been established successfully.
2025-08-18 15:04:45 [[32minfo[39m]: Connection has been established successfully.
2025-08-18 15:05:36 [[32minfo[39m]: POST /users - Body: {"name":"Pooja","email":"pooja123@gmail.com","password":"Pooja@123","role":"admin"}
2025-08-18 15:05:36 [[32minfo[39m]: New user added: {"name":"Pooja","email":"pooja123@gmail.com","password":"Pooja@123","role":"admin"}
2025-08-18 15:05:41 [[32minfo[39m]: GET /users - Body: {"name":"Pooja","email":"pooja123@gmail.com","password":"Pooja@123","role":"admin"}
2025-08-18 15:05:56 [[32minfo[39m]: POST /users/login - Body: {"email":"pooja123@gmail.com","password":"Pooja@123"}
2025-08-18 15:06:16 [[32minfo[39m]: GET /users - Body: {"email":"pooja123@gmail.com","password":"Pooja@123"}
2025-08-18 15:06:16 [[32minfo[39m]: Fetched 13 user
2025-08-18 15:07:14 [[32minfo[39m]: POST /users - Body: {"name":"Ayushi","email":"ayushi123@gmail.com","password":"Ayushi@123","role":"user"}
2025-08-18 15:07:14 [[32minfo[39m]: New user added: {"name":"Ayushi","email":"ayushi123@gmail.com","password":"Ayushi@123","role":"user"}
2025-08-18 15:07:18 [[32minfo[39m]: GET /users - Body: {"name":"Ayushi","email":"ayushi123@gmail.com","password":"Ayushi@123","role":"user"}
2025-08-18 15:07:18 [[32minfo[39m]: Fetched 14 user
2025-08-18 15:07:47 [[32minfo[39m]: PUT /users/18 - Body: {"name":"Ayushi","email":"ayushi12345@gmail.com","password":"Ayushi@123","role":"user"}
2025-08-18 15:07:47 [[32minfo[39m]: User updated - ID: 18, Data: {"name":"Ayushi","email":"ayushi12345@gmail.com","password":"Ayushi@123","role":"user"}
2025-08-18 15:07:52 [[32minfo[39m]: GET /users/18 - Body: {"name":"Ayushi","email":"ayushi12345@gmail.com","password":"Ayushi@123","role":"user"}
2025-08-18 15:07:52 [[32minfo[39m]: User Fetched by id:18
2025-08-18 15:10:58 [[32minfo[39m]: Connection has been established successfully.
2025-08-18 15:10:58 [[32minfo[39m]: Connection has been established successfully.
2025-08-18 15:10:58 [[32minfo[39m]: Connection has been established successfully.
2025-08-18 15:11:11 [[32minfo[39m]: PUT /users/18 - Body: {"name":"Ayushi","email":"ayushi123456@gmail.com","password":"Ayushi@123","role":"user"}
2025-08-18 15:11:11 [[32minfo[39m]: User updated - ID: 18, Data: {"name":"Ayushi","email":"ayushi123456@gmail.com","password":"Ayushi@123","role":"user"}
2025-08-18 15:11:15 [[32minfo[39m]: GET /users/18 - Body: {"name":"Ayushi","email":"ayushi123456@gmail.com","password":"Ayushi@123","role":"user"}
2025-08-18 15:11:15 [[32minfo[39m]: User Fetched by id:18
2025-08-18 15:15:50 [[32minfo[39m]: GET /users - Body: {"name":"Ayushi","email":"ayushi123456@gmail.com","password":"Ayushi@123","role":"user"}
2025-08-18 15:15:50 [[32minfo[39m]: Fetched 14 user
2025-08-18 15:42:01 [[32minfo[39m]: Connection has been established successfully.
2025-08-18 15:42:02 [[32minfo[39m]: Connection has been established successfully.
2025-08-18 15:42:02 [[32minfo[39m]: Connection has been established successfully.
2025-08-18 15:42:48 [[32minfo[39m]: GET /users/3 - Body: {"name":"Ayushi","email":"ayushi123456@gmail.com","password":"Ayushi@123","role":"user"}
2025-08-18 15:42:48 [[32minfo[39m]: User Fetched by id:3
2025-08-18 15:56:47 [[32minfo[39m]: GET /users/3 - Body: undefined
2025-08-18 15:56:47 [[32minfo[39m]: User Fetched by id:3
2025-08-18 16:46:22 [[32minfo[39m]: Connection has been established successfully.
2025-08-18 16:46:52 [[32minfo[39m]: GET /usera - Body: undefined
2025-08-18 16:46:56 [[32minfo[39m]: GET /users - Body: undefined
2025-08-18 16:49:05 [[32minfo[39m]: POST /users - Body: {"name":"Kirti","email":"kirti@gmail.com","password":"","role":"user"}
2025-08-18 16:49:17 [[32minfo[39m]: POST /users - Body: {"name":"Kirti","email":"kirti@gmail.com","password":"Kirti@123","role":"user"}
2025-08-18 16:49:18 [[32minfo[39m]: New user added: {"name":"Kirti","email":"kirti@gmail.com","password":"Kirti@123","role":"user"}
2025-08-18 16:51:04 [[32minfo[39m]: POST /users/login - Body: {"email":"kirti@gmail.com","password":"Kirti@123"}
2025-08-18 16:51:50 [[32minfo[39m]: GET /users - Body: undefined
2025-08-18 16:51:50 [[32minfo[39m]: Fetched 15 user
2025-08-18 16:52:34 [[32minfo[39m]: GET /users/3 - Body: undefined
2025-08-18 16:52:34 [[32minfo[39m]: User Fetched by id:3
2025-08-18 16:56:27 [[32minfo[39m]: GET /users/search?name=Himanshi - Body: undefined
2025-08-18 16:56:27 [[31merror[39m]: Error Finding the user with name:undefined:Cannot read properties of undefined (reading 'trim')
2025-08-18 16:56:49 [[32minfo[39m]: GET /users/search?uname=Himanshi - Body: undefined
2025-08-18 16:56:49 [[32minfo[39m]: User find with name:Himanshi
2025-08-18 16:58:48 [[32minfo[39m]: GET /users/3 - Body: undefined
2025-08-18 16:58:48 [[32minfo[39m]: User Fetched by id:3
2025-08-18 16:58:53 [[32minfo[39m]: GET /users - Body: undefined
2025-08-18 16:58:53 [[32minfo[39m]: Fetched 15 user
2025-08-18 16:59:25 [[32minfo[39m]: PUT /users/3 - Body: {"name":"Manasi Shivarkar","email":"manasi12000@gmail.com","password":"man@123123","role":"user"}
2025-08-18 16:59:26 [[32minfo[39m]: User updated - ID: 3, Data: {"name":"Manasi Shivarkar","email":"manasi12000@gmail.com","password":"man@123123","role":"user"}
2025-08-18 16:59:31 [[32minfo[39m]: GET /users - Body: undefined
2025-08-18 16:59:31 [[32minfo[39m]: Fetched 15 user
2025-08-18 17:00:07 [[32minfo[39m]: DELETE /users/3 - Body: undefined
2025-08-18 17:00:48 [[32minfo[39m]: DELETE /users/3 - Body: undefined
2025-08-18 17:01:11 [[32minfo[39m]: GET /users - Body: undefined
2025-08-18 17:01:11 [[32minfo[39m]: Fetched 15 user
2025-08-18 17:01:19 [[32minfo[39m]: GET /users/3 - Body: undefined
2025-08-18 17:01:19 [[32minfo[39m]: User Fetched by id:3
2025-08-18 17:07:57 [[32minfo[39m]: GET /users - Body: undefined
2025-08-18 17:07:57 [[32minfo[39m]: Fetched 15 user
2025-08-18 17:09:01 [[32minfo[39m]: GET /categories - Body: undefined
2025-08-18 17:09:01 [[32minfo[39m]: Fetched 4 category
2025-08-18 17:09:37 [[32minfo[39m]: GET /categories/2 - Body: undefined
2025-08-18 17:09:37 [[32minfo[39m]: Category Fetched by id:2
2025-08-18 17:11:36 [[32minfo[39m]: GET /categories/products/2 - Body: undefined
2025-08-18 17:12:01 [[32minfo[39m]: GET /categories/products/2 - Body: undefined
2025-08-18 17:12:01 [[33mwarn[39m]: Category with this product id: 2 is not found
2025-08-18 17:12:05 [[32minfo[39m]: GET /categories/products/3 - Body: undefined
2025-08-18 17:12:05 [[32minfo[39m]: Category Fetched by pid:3
2025-08-18 17:12:42 [[32minfo[39m]: GET /categories/products/5 - Body: undefined
2025-08-18 17:12:42 [[33mwarn[39m]: Category with this product id: 5 is not found
2025-08-18 17:12:45 [[32minfo[39m]: GET /categories/products/4 - Body: undefined
2025-08-18 17:12:45 [[32minfo[39m]: Category Fetched by pid:4
2025-08-18 17:16:34 [[32minfo[39m]: POST /categories - Body: {"name":"Artworks","description":"Paintings and sculptures"}
2025-08-18 17:16:34 [[32minfo[39m]: New category added: {"name":"Artworks","description":"Paintings and sculptures"}
2025-08-18 17:16:58 [[32minfo[39m]: GET /categories - Body: undefined
2025-08-18 17:16:58 [[32minfo[39m]: Fetched 5 category
2025-08-18 17:19:26 [[32minfo[39m]: PUT /categories/4 - Body: undefined
2025-08-18 17:19:26 [[32minfo[39m]: Catogory updated - ID: 4, Data: undefined
2025-08-18 17:19:48 [[32minfo[39m]: GET /categories - Body: undefined
2025-08-18 17:19:48 [[32minfo[39m]: Fetched 5 category
2025-08-18 17:20:07 [[32minfo[39m]: PUT /categories/4 - Body: undefined
2025-08-18 17:20:07 [[32minfo[39m]: Catogory updated - ID: 4, Data: undefined
2025-08-18 17:20:13 [[32minfo[39m]: GET /categories - Body: undefined
2025-08-18 17:20:13 [[32minfo[39m]: Fetched 5 category
2025-08-18 17:21:02 [[32minfo[39m]: PUT /categories/6 - Body: {"name":"Jwellery","description":"Women accessories and designs","createdBy":"Himanshi","updatedBy":"Himanshi"}
2025-08-18 17:21:02 [[32minfo[39m]: Catogory updated - ID: 6, Data: {"name":"Jwellery","description":"Women accessories and designs","createdBy":"Himanshi","updatedBy":"Himanshi"}
2025-08-18 17:21:08 [[32minfo[39m]: GET /categories - Body: undefined
2025-08-18 17:21:08 [[32minfo[39m]: Fetched 5 category
2025-08-18 17:21:43 [[32minfo[39m]: PUT /categories/6 - Body: {"name":"Artworks","description":"Paintings and sculptures"}
2025-08-18 17:21:43 [[32minfo[39m]: Catogory updated - ID: 6, Data: {"name":"Artworks","description":"Paintings and sculptures"}
2025-08-18 17:21:47 [[32minfo[39m]: GET /categories - Body: undefined
2025-08-18 17:21:47 [[32minfo[39m]: Fetched 5 category
2025-08-18 17:22:13 [[32minfo[39m]: DELETE /categories/6 - Body: undefined
2025-08-18 17:22:13 [[32minfo[39m]: Category deleted with Id:6
2025-08-18 17:23:44 [[32minfo[39m]: GET /categories - Body: undefined
2025-08-18 17:23:44 [[32minfo[39m]: Fetched 4 category
2025-08-18 17:28:16 [[32minfo[39m]: GET /products - Body: undefined
2025-08-18 17:28:50 [[32minfo[39m]: GET /products - Body: undefined
2025-08-18 17:28:50 [[32minfo[39m]: Fetched 3 product
2025-08-18 17:29:42 [[32minfo[39m]: GET /products/2 - Body: undefined
2025-08-18 17:29:42 [[33mwarn[39m]: product ID 2 not found
2025-08-18 17:29:46 [[32minfo[39m]: GET /products/1 - Body: undefined
2025-08-18 17:29:46 [[32minfo[39m]: Product Fetched by id:1
2025-08-18 17:33:08 [[32minfo[39m]: GET /products/2 - Body: undefined
2025-08-18 17:33:08 [[33mwarn[39m]: product ID 2 not found
2025-08-18 17:33:48 [[32minfo[39m]: GET /products/search/pname=%22Kurta%22 - Body: undefined
2025-08-18 17:34:02 [[32minfo[39m]: GET /products/search/name=%22Kurta%22 - Body: undefined
2025-08-18 17:34:28 [[32minfo[39m]: GET /products/search/pname=%22Kurta%22 - Body: undefined
2025-08-18 17:34:45 [[32minfo[39m]: GET /products/search?pname=%22Kurta%22 - Body: undefined
2025-08-18 17:34:45 [[33mwarn[39m]: product with name: "Kurta" not found
2025-08-18 17:35:09 [[32minfo[39m]: GET /products/search?pname=Kurta - Body: undefined
2025-08-18 17:35:09 [[32minfo[39m]: Product Fetched by name:Kurta
2025-08-18 17:41:16 [[32minfo[39m]: GET /products/sort?order=asc - Body: undefined
2025-08-18 17:41:16 [[32minfo[39m]: Product sorted by price
2025-08-18 17:41:16 [[31merror[39m]: Fetch error:Cannot set headers after they are sent to the client
2025-08-18 17:42:02 [[32minfo[39m]: GET /products/sort?order=desc - Body: undefined
2025-08-18 17:42:02 [[32minfo[39m]: Product sorted by price
2025-08-18 17:42:02 [[31merror[39m]: Fetch error:Cannot set headers after they are sent to the client
2025-08-18 17:43:41 [[32minfo[39m]: Connection has been established successfully.
2025-08-18 17:43:48 [[32minfo[39m]: GET /products/sort?order=desc - Body: undefined
2025-08-18 17:43:48 [[32minfo[39m]: Product sorted by price
2025-08-18 17:44:44 [[32minfo[39m]: GET /products/categories/3 - Body: undefined
2025-08-18 17:44:44 [[33mwarn[39m]: product with this category id: 3 is not found
2025-08-18 17:44:47 [[32minfo[39m]: GET /products/categories/2 - Body: undefined
2025-08-18 17:44:47 [[32minfo[39m]: Product Fetched by cid:2
2025-08-18 17:45:23 [[32minfo[39m]: GET /categories - Body: undefined
2025-08-18 17:45:23 [[32minfo[39m]: Fetched 4 category
2025-08-18 17:48:06 [[32minfo[39m]: POST /products - Body: {"categoryId":1,"name":"Pants","description":"Formal wear","price":"1000.00"}
2025-08-18 17:48:06 [[32minfo[39m]: New product added: {"categoryId":1,"name":"Pants","description":"Formal wear","price":"1000.00"}
2025-08-18 17:48:27 [[32minfo[39m]: GET /products - Body: undefined
2025-08-18 17:48:27 [[32minfo[39m]: Fetched 4 product
2025-08-18 17:49:11 [[32minfo[39m]: Connection has been established successfully.
2025-08-18 17:50:01 [[32minfo[39m]: POST /products - Body: {"categoryId":1,"name":"Skirts","description":"Western wear","price":"200.00"}
2025-08-18 17:50:01 [[32minfo[39m]: New product added: {"categoryId":1,"name":"Skirts","description":"Western wear","price":"200.00"}
2025-08-18 17:50:09 [[32minfo[39m]: GET /products - Body: undefined
2025-08-18 17:50:09 [[32minfo[39m]: Fetched 5 product
2025-08-18 17:51:55 [[32minfo[39m]: PUT /products/6 - Body: undefined
2025-08-18 17:52:14 [[32minfo[39m]: POST /users/login - Body: {"email":"kirti@gmail.com","password":"Kirti@123"}
2025-08-18 17:52:35 [[32minfo[39m]: PUT /products/6 - Body: undefined
2025-08-18 17:52:35 [[32minfo[39m]: product updated - ID: 6, Data: undefined
2025-08-18 17:52:41 [[32minfo[39m]: GET /products - Body: undefined
2025-08-18 17:52:53 [[32minfo[39m]: GET /products - Body: undefined
2025-08-18 17:52:53 [[32minfo[39m]: Fetched 5 product
2025-08-18 17:55:16 [[32minfo[39m]: DELETE /products/6 - Body: undefined
2025-08-18 17:55:25 [[32minfo[39m]: DELETE /products/6 - Body: undefined
2025-08-18 17:55:25 [[32minfo[39m]: Product deleted with Id:6
2025-08-18 17:56:00 [[32minfo[39m]: GET /products - Body: undefined
2025-08-18 17:56:00 [[32minfo[39m]: Fetched 4 product
2025-08-18 17:56:33 [[32minfo[39m]: GET /orders - Body: undefined
2025-08-18 17:56:44 [[32minfo[39m]: GET /orders - Body: undefined
2025-08-18 17:56:44 [[32minfo[39m]: Fetched 6 order
2025-08-18 17:57:20 [[32minfo[39m]: Connection has been established successfully.
2025-08-18 17:58:12 [[32minfo[39m]: Connection has been established successfully.
2025-08-18 17:58:47 [[32minfo[39m]: GET /orders/2 - Body: undefined
2025-08-18 17:59:18 [[32minfo[39m]: GET /orders/2 - Body: undefined
2025-08-18 17:59:18 [[33mwarn[39m]: order ID 2 not found
2025-08-18 17:59:22 [[32minfo[39m]: GET /orders/3 - Body: undefined
2025-08-18 17:59:22 [[32minfo[39m]: order Fetched by id:3
2025-08-18 17:59:59 [[32minfo[39m]: GET /orders/4 - Body: undefined
2025-08-18 17:59:59 [[33mwarn[39m]: order ID 4 not found
2025-08-18 18:00:01 [[32minfo[39m]: GET /orders/ - Body: undefined
2025-08-18 18:00:01 [[32minfo[39m]: Fetched 6 order
2025-08-18 18:00:19 [[32minfo[39m]: GET /orders - Body: undefined
2025-08-18 18:00:19 [[32minfo[39m]: Fetched 6 order
2025-08-18 18:00:42 [[32minfo[39m]: GET /orders/1 - Body: undefined
2025-08-18 18:00:42 [[32minfo[39m]: order Fetched by id:1
2025-08-18 18:01:58 [[32minfo[39m]: Connection has been established successfully.
2025-08-18 18:02:00 [[32minfo[39m]: GET /orders/1 - Body: undefined
2025-08-18 18:02:00 [[32minfo[39m]: order Fetched by id:1
2025-08-18 18:03:35 [[32minfo[39m]: POST /orders - Body: {"userId":6,"totalAmount":"15000.00","status":"Pending"}
2025-08-18 18:04:00 [[32minfo[39m]: POST /orders - Body: {"userId":6,"totalAmount":"15000.00","status":"Pending"}
2025-08-18 18:04:09 [[32minfo[39m]: POST /orders - Body: {"userId":6,"totalAmount":"15000.00","status":"pending"}
2025-08-18 18:04:09 [[32minfo[39m]: New order added: {"userId":6,"totalAmount":"15000.00","status":"pending"}
2025-08-18 18:04:15 [[32minfo[39m]: GET /orders - Body: undefined
2025-08-18 18:04:15 [[32minfo[39m]: Fetched 7 order
2025-08-18 18:05:48 [[32minfo[39m]: PUT /orders/12 - Body: undefined
2025-08-18 18:05:48 [[32minfo[39m]: order updated - ID: 12, Data: undefined
2025-08-18 18:05:53 [[32minfo[39m]: GET /orders - Body: undefined
2025-08-18 18:05:53 [[32minfo[39m]: Fetched 7 order
2025-08-18 18:05:57 [[32minfo[39m]: GET /orders - Body: undefined
2025-08-18 18:05:57 [[32minfo[39m]: Fetched 7 order
2025-08-18 18:06:17 [[32minfo[39m]: GET /orders - Body: undefined
2025-08-18 18:06:17 [[32minfo[39m]: Fetched 7 order
2025-08-18 18:06:30 [[32minfo[39m]: PUT /orders/12 - Body: undefined
2025-08-18 18:06:30 [[32minfo[39m]: order updated - ID: 12, Data: undefined
2025-08-18 18:06:37 [[32minfo[39m]: GET /orders - Body: undefined
2025-08-18 18:06:37 [[32minfo[39m]: Fetched 7 order
2025-08-18 18:06:51 [[32minfo[39m]: PUT /orders/12 - Body: {"userId":6,"totalAmount":"1900.00","status":"pending"}
2025-08-18 18:06:51 [[32minfo[39m]: order updated - ID: 12, Data: {"userId":6,"totalAmount":"1900.00","status":"pending"}
2025-08-18 18:06:56 [[32minfo[39m]: GET /orders - Body: undefined
2025-08-18 18:06:56 [[32minfo[39m]: Fetched 7 order
2025-08-18 18:07:56 [[32minfo[39m]: GET /orders/users/2 - Body: undefined
2025-08-18 18:07:56 [[33mwarn[39m]: user ID 2 not found
2025-08-18 18:07:58 [[32minfo[39m]: GET /orders/users/1 - Body: undefined
2025-08-18 18:07:58 [[33mwarn[39m]: user ID 1 not found
2025-08-18 18:08:00 [[32minfo[39m]: GET /orders/users/3 - Body: undefined
2025-08-18 18:08:00 [[32minfo[39m]: ordre Fetched by user id:3
2025-08-18 18:09:49 [[32minfo[39m]: GET /orders/4 - Body: undefined
2025-08-18 18:09:49 [[33mwarn[39m]: order ID 4 not found
2025-08-18 18:09:52 [[32minfo[39m]: GET /orders/5 - Body: undefined
2025-08-18 18:09:52 [[33mwarn[39m]: order ID 5 not found
2025-08-18 18:09:54 [[32minfo[39m]: GET /orders/2 - Body: undefined
2025-08-18 18:09:54 [[33mwarn[39m]: order ID 2 not found
2025-08-18 18:09:56 [[32minfo[39m]: GET /orders/1 - Body: undefined
2025-08-18 18:09:56 [[32minfo[39m]: order Fetched by id:1
2025-08-18 18:09:59 [[32minfo[39m]: GET /orders/3 - Body: undefined
2025-08-18 18:09:59 [[32minfo[39m]: order Fetched by id:3
2025-08-18 18:13:35 [[32minfo[39m]: GET /order-items - Body: undefined
2025-08-18 18:13:35 [[32minfo[39m]: Fetched 1 orderItem
2025-08-18 18:14:07 [[32minfo[39m]: GET /order-items/2 - Body: undefined
2025-08-18 18:14:07 [[33mwarn[39m]: orderItem ID 2 not found
2025-08-18 18:14:09 [[32minfo[39m]: GET /order-items/3 - Body: undefined
2025-08-18 18:14:09 [[33mwarn[39m]: orderItem ID 3 not found
2025-08-18 18:14:10 [[32minfo[39m]: GET /order-items/1 - Body: undefined
2025-08-18 18:14:10 [[32minfo[39m]: orderItem Fetched by id:1
2025-08-18 18:14:12 [[32minfo[39m]: GET /order-items/4 - Body: undefined
2025-08-18 18:14:12 [[33mwarn[39m]: orderItem ID 4 not found
2025-08-18 18:15:07 [[32minfo[39m]: GET /order-items/products/2 - Body: undefined
2025-08-18 18:15:07 [[33mwarn[39m]: orderItem with product ID 2 not found
2025-08-18 18:15:09 [[32minfo[39m]: GET /order-items/products/1 - Body: undefined
2025-08-18 18:15:09 [[32minfo[39m]: orderItem Fetched by product id:1
2025-08-18 18:16:14 [[32minfo[39m]: POST /orders-items - Body: {"orderId":3,"productId":3,"quantity":7,"price":"3000.00"}
2025-08-18 18:16:31 [[32minfo[39m]: POST /order-items - Body: {"orderId":3,"productId":3,"quantity":7,"price":"3000.00"}
2025-08-18 18:16:31 [[32minfo[39m]: New orderItem added: {"orderId":3,"productId":3,"quantity":7,"price":"3000.00"}
2025-08-18 18:16:37 [[32minfo[39m]: GET /order-items - Body: undefined
2025-08-18 18:16:37 [[32minfo[39m]: Fetched 2 orderItem
2025-08-18 18:17:15 [[32minfo[39m]: PUT /order-items/2 - Body: undefined
2025-08-18 18:17:15 [[32minfo[39m]: orderItem updated - ID: 2, Data: undefined
2025-08-18 18:17:31 [[32minfo[39m]: GET /order-items - Body: undefined
2025-08-18 18:17:31 [[32minfo[39m]: Fetched 2 orderItem
2025-08-18 18:17:44 [[32minfo[39m]: PUT /order-items/2 - Body: {"orderId":3,"productId":3,"quantity":7,"price":"9000.00"}
2025-08-18 18:17:44 [[32minfo[39m]: orderItem updated - ID: 2, Data: {"orderId":3,"productId":3,"quantity":7,"price":"9000.00"}
2025-08-18 18:17:47 [[32minfo[39m]: GET /order-items - Body: undefined
2025-08-18 18:17:47 [[32minfo[39m]: Fetched 2 orderItem
2025-08-18 18:20:06 [[32minfo[39m]: DELETE /order-items/2 - Body: undefined
2025-08-18 18:20:06 [[32minfo[39m]: orderItem deleted with Id:2
2025-08-18 18:20:13 [[32minfo[39m]: GET /order-items - Body: undefined
2025-08-18 18:20:13 [[32minfo[39m]: Fetched 1 orderItem
2025-08-18 18:21:10 [[32minfo[39m]: GET /categories/2 - Body: undefined
2025-08-18 18:21:33 [[32minfo[39m]: GET /categories/products/4 - Body: undefined
2025-08-18 18:22:12 [[32minfo[39m]: GET /users - Body: undefined
2025-08-18 18:27:09 [[32minfo[39m]: Connection has been established successfully.
2025-08-18 18:27:51 [[32minfo[39m]: Connection has been established successfully.
2025-08-18 18:28:30 [[32minfo[39m]: Connection has been established successfully.
2025-08-18 18:29:12 [[32minfo[39m]: Connection has been established successfully.
2025-08-18 18:29:41 [[32minfo[39m]: Connection has been established successfully.
2025-08-18 18:29:59 [[32minfo[39m]: Connection has been established successfully.
2025-08-18 18:30:43 [[32minfo[39m]: Connection has been established successfully.
2025-08-18 18:30:57 [[32minfo[39m]: Connection has been established successfully.
2025-08-18 18:39:32 [[32minfo[39m]: Connection has been established successfully.
2025-08-18 18:39:40 [[32minfo[39m]: GET /users - Body: undefined
2025-08-18 18:39:51 [[32minfo[39m]: GET /users/3 - Body: undefined
2025-08-18 18:39:59 [[32minfo[39m]: GET /categories - Body: undefined
2025-08-18 18:40:23 [[32minfo[39m]: GET /users - Body: undefined
2025-08-18 18:41:14 [[32minfo[39m]: GET /products - Body: undefined
2025-08-18 18:41:27 [[32minfo[39m]: POST /users/login - Body: {"email":"kirti@gmail.com","password":"Kirti@123"}
2025-08-18 18:43:24 [[32minfo[39m]: Connection has been established successfully.
2025-08-18 18:43:31 [[32minfo[39m]: GET /users - Body: undefined
2025-08-18 18:43:58 [[32minfo[39m]: GET /users - Body: undefined
2025-08-18 18:44:04 [[32minfo[39m]: POST /users/login - Body: {"email":"kirti@gmail.com","password":"Kirti@123"}
2025-08-18 18:44:29 [[32minfo[39m]: POST /users - Body: {"name":"asha","email":"asha@gmail.com","password":"Asha@123","role":"user"}
2025-08-18 18:47:00 [[32minfo[39m]: GET /users - Body: undefined
2025-08-18 18:49:44 [[32minfo[39m]: GET //users - Body: undefined
2025-08-18 18:50:46 [[32minfo[39m]: GET /users - Body: undefined
2025-08-18 18:51:01 [[32minfo[39m]: Connection has been established successfully.
2025-08-18 18:51:12 [[32minfo[39m]: GET /api/users - Body: undefined
2025-08-18 18:52:42 [[32minfo[39m]: GET /api/users - Body: undefined
2025-08-18 18:52:53 [[32minfo[39m]: POST /api/users - Body: {"name":"asha","email":"asha@gmail.com","password":"Asha@123","role":"user"}
2025-08-18 18:53:22 [[32minfo[39m]: GET /orders - Body: undefined
2025-08-18 18:53:44 [[32minfo[39m]: GET /api/users - Body: undefined
2025-08-18 18:54:46 [[32minfo[39m]: Connection has been established successfully.
2025-08-18 18:54:58 [[32minfo[39m]: GET /api/users - Body: undefined
2025-08-18 18:55:02 [[32minfo[39m]: GET /api/users - Body: undefined
2025-08-18 18:56:08 [[32minfo[39m]: GET /api/users - Body: undefined
2025-08-18 18:56:14 [[32minfo[39m]: GET /api/users - Body: undefined
2025-08-18 18:58:07 [[32minfo[39m]: GET /api/users/users - Body: undefined
2025-08-18 18:59:23 [[32minfo[39m]: Connection has been established successfully.
2025-08-19 10:39:53 [[32minfo[39m]: Connection has been established successfully.
2025-08-19 10:40:25 [[32minfo[39m]: GET /api/users/users - Body: undefined
2025-08-19 10:42:12 [[32minfo[39m]: Connection has been established successfully.
2025-08-19 10:42:16 [[32minfo[39m]: GET /api/users/users - Body: undefined
2025-08-19 10:42:23 [[32minfo[39m]: GET /api/users - Body: undefined
2025-08-19 10:42:23 [[32minfo[39m]: Fetched 15 user
2025-08-19 10:43:50 [[32minfo[39m]: Connection has been established successfully.
2025-08-19 10:44:29 [[32minfo[39m]: Connection has been established successfully.
2025-08-19 10:45:56 [[32minfo[39m]: POST /api/users - Body: {"name":"Nisha","email":"nisha@gmail.com","password":"Nisha@123","role":"admin"}
2025-08-19 10:45:56 [[32minfo[39m]: New user added: {"name":"Nisha","email":"nisha@gmail.com","password":"Nisha@123","role":"admin"}
2025-08-19 10:46:25 [[32minfo[39m]: POST /api/users/login - Body: {"email":"nisha@gmail.com","password":"Nisha@123"}
2025-08-19 10:46:47 [[32minfo[39m]: GET /api/users - Body: undefined
2025-08-19 10:46:53 [[32minfo[39m]: GET /api/users - Body: undefined
2025-08-19 10:46:53 [[32minfo[39m]: Fetched 16 user
2025-08-19 10:47:15 [[32minfo[39m]: GET /api/users/3 - Body: undefined
2025-08-19 10:47:15 [[32minfo[39m]: User Fetched by id:3
2025-08-19 10:47:30 [[32minfo[39m]: GET /api/users/search?uname=Himanshi - Body: undefined
2025-08-19 10:47:30 [[32minfo[39m]: User find with name:Himanshi
2025-08-19 10:47:53 [[32minfo[39m]: PUT /api/users/3 - Body: {"name":"Manasi","email":"manasi12000@gmail.com","password":"man@123123","role":"user"}
2025-08-19 10:48:01 [[32minfo[39m]: PUT /api/users/3 - Body: {"name":"Manasi","email":"manasi12000@gmail.com","password":"man@123123","role":"user"}
2025-08-19 10:48:01 [[32minfo[39m]: User updated - ID: 3, Data: {"name":"Manasi","email":"manasi12000@gmail.com","password":"man@123123","role":"user"}
2025-08-19 10:50:30 [[32minfo[39m]: Connection has been established successfully.
2025-08-19 10:50:51 [[32minfo[39m]: Connection has been established successfully.
2025-08-19 10:51:04 [[32minfo[39m]: GET /api/categories - Body: undefined
2025-08-19 10:51:15 [[32minfo[39m]: GET /api/categories - Body: undefined
2025-08-19 10:51:15 [[32minfo[39m]: Fetched 4 category
2025-08-19 10:51:36 [[32minfo[39m]: GET /api/categories/2 - Body: undefined
2025-08-19 10:51:36 [[32minfo[39m]: Category Fetched by id:2
2025-08-19 10:51:52 [[32minfo[39m]: GET /api/categories/products/4 - Body: undefined
2025-08-19 10:51:52 [[32minfo[39m]: Category Fetched by pid:4
2025-08-19 10:52:08 [[32minfo[39m]: POST /api/categories - Body: {"name":"Artworks","description":"Paintings and sculptures"}
2025-08-19 10:52:15 [[32minfo[39m]: POST /api/categories - Body: {"name":"Artworks","description":"Paintings and sculptures"}
2025-08-19 10:52:15 [[32minfo[39m]: New category added: {"name":"Artworks","description":"Paintings and sculptures"}
2025-08-19 10:52:21 [[32minfo[39m]: GET /api/categories - Body: undefined
2025-08-19 10:52:21 [[32minfo[39m]: Fetched 5 category
2025-08-19 10:52:57 [[32minfo[39m]: PUT /api/categories/6 - Body: {"name":"Artworks","description":"Paintings and sculptures"}
2025-08-19 10:53:10 [[32minfo[39m]: PUT /api/categories/6 - Body: {"name":"Artworks","description":"Paintings and sculptures"}
2025-08-19 10:53:10 [[32minfo[39m]: Catogory updated - ID: 6, Data: {"name":"Artworks","description":"Paintings and sculptures"}
2025-08-19 10:53:14 [[32minfo[39m]: GET /api/categories - Body: undefined
2025-08-19 10:53:14 [[32minfo[39m]: Fetched 5 category
2025-08-19 10:54:24 [[32minfo[39m]: Connection has been established successfully.
2025-08-19 10:54:33 [[32minfo[39m]: GET /api/products - Body: undefined
2025-08-19 10:54:33 [[32minfo[39m]: Fetched 4 product
2025-08-19 10:54:46 [[32minfo[39m]: GET /api/products/2 - Body: undefined
2025-08-19 10:54:46 [[33mwarn[39m]: product ID 2 not found
2025-08-19 10:54:53 [[32minfo[39m]: GET /api/products/4 - Body: undefined
2025-08-19 10:54:53 [[32minfo[39m]: Product Fetched by id:4
2025-08-19 10:55:06 [[32minfo[39m]: GET /api/products/search?pname=Kurta - Body: undefined
2025-08-19 10:55:06 [[32minfo[39m]: Product Fetched by name:Kurta
2025-08-19 10:55:17 [[32minfo[39m]: GET /api/products/sort?order=desc - Body: undefined
2025-08-19 10:55:23 [[32minfo[39m]: GET /api/products/sort?order=desc - Body: undefined
2025-08-19 10:55:23 [[32minfo[39m]: Product sorted by price
2025-08-19 10:55:38 [[32minfo[39m]: GET /api/products/categories/2 - Body: undefined
2025-08-19 10:55:38 [[32minfo[39m]: Product Fetched by cid:2
2025-08-19 10:56:02 [[32minfo[39m]: POST /api/products - Body: {"categoryId":1,"name":"Gown","description":"Western wear","price":"2000.00"}
2025-08-19 10:56:08 [[32minfo[39m]: POST /api/products - Body: {"categoryId":1,"name":"Gown","description":"Western wear","price":"2000.00"}
2025-08-19 10:56:08 [[32minfo[39m]: New product added: {"categoryId":1,"name":"Gown","description":"Western wear","price":"2000.00"}
2025-08-19 10:56:38 [[32minfo[39m]: GET /api/products - Body: undefined
2025-08-19 10:56:38 [[32minfo[39m]: Fetched 5 product
2025-08-19 10:57:00 [[32minfo[39m]: PUT /api/products/7 - Body: undefined
2025-08-19 10:57:21 [[32minfo[39m]: PUT /api/products/7 - Body: undefined
2025-08-19 10:57:21 [[32minfo[39m]: product updated - ID: 7, Data: undefined
2025-08-19 10:58:53 [[32minfo[39m]: Connection has been established successfully.
2025-08-19 10:59:20 [[32minfo[39m]: Connection has been established successfully.
2025-08-19 10:59:32 [[32minfo[39m]: GET /api/orders - Body: undefined
2025-08-19 10:59:32 [[32minfo[39m]: Fetched 7 order
2025-08-19 10:59:43 [[32minfo[39m]: GET /api/orders - Body: undefined
2025-08-19 10:59:43 [[32minfo[39m]: Fetched 7 order
2025-08-19 10:59:53 [[32minfo[39m]: GET /api/orders/1 - Body: undefined
2025-08-19 10:59:57 [[32minfo[39m]: GET /api/orders/1 - Body: undefined
2025-08-19 10:59:57 [[32minfo[39m]: order Fetched by id:1
2025-08-19 11:01:28 [[32minfo[39m]: POST /api/orders - Body: {"userId":6,"totalAmount":"89000.00","status":"delivered"}
2025-08-19 11:01:35 [[32minfo[39m]: POST /api/orders - Body: {"userId":6,"totalAmount":"89000.00","status":"delivered"}
2025-08-19 11:01:35 [[32minfo[39m]: New order added: {"userId":6,"totalAmount":"89000.00","status":"delivered"}
2025-08-19 11:01:39 [[32minfo[39m]: GET /api/orders - Body: undefined
2025-08-19 11:01:39 [[32minfo[39m]: Fetched 8 order
2025-08-19 11:02:11 [[32minfo[39m]: PUT /api/orders/13 - Body: undefined
2025-08-19 11:02:19 [[32minfo[39m]: PUT /api/orders/13 - Body: undefined
2025-08-19 11:02:19 [[32minfo[39m]: order updated - ID: 13, Data: undefined
2025-08-19 11:02:25 [[32minfo[39m]: GET /api/orders - Body: undefined
2025-08-19 11:02:25 [[32minfo[39m]: Fetched 8 order
2025-08-19 11:02:38 [[32minfo[39m]: PUT /api/orders/13 - Body: {"userId":6,"totalAmount":"1900.00","status":"pending"}
2025-08-19 11:02:38 [[32minfo[39m]: order updated - ID: 13, Data: {"userId":6,"totalAmount":"1900.00","status":"pending"}
2025-08-19 11:02:44 [[32minfo[39m]: GET /api/orders - Body: undefined
2025-08-19 11:02:44 [[32minfo[39m]: Fetched 8 order
2025-08-19 11:02:59 [[32minfo[39m]: GET /api/orders/users/2 - Body: undefined
2025-08-19 11:02:59 [[33mwarn[39m]: user ID 2 not found
2025-08-19 11:03:02 [[32minfo[39m]: GET /api/orders/users/3 - Body: undefined
2025-08-19 11:03:02 [[32minfo[39m]: ordre Fetched by user id:3
2025-08-19 11:03:35 [[32minfo[39m]: GET /api/order-items - Body: undefined
2025-08-19 11:03:35 [[32minfo[39m]: Fetched 1 orderItem
2025-08-19 11:03:49 [[32minfo[39m]: GET /api/order-items/1 - Body: undefined
2025-08-19 11:03:49 [[32minfo[39m]: orderItem Fetched by id:1
2025-08-19 11:04:03 [[32minfo[39m]: GET /api/order-items/products/1 - Body: undefined
2025-08-19 11:04:03 [[32minfo[39m]: orderItem Fetched by product id:1
2025-08-19 11:05:20 [[32minfo[39m]: GET /api/categories - Body: undefined
2025-08-19 11:05:20 [[32minfo[39m]: Fetched 5 category
2025-08-19 11:05:55 [[32minfo[39m]: POST /api/users/login - Body: {"email":"Himanshi123@gmail.com","password":"Himanshi@123"}
2025-08-19 11:06:04 [[32minfo[39m]: GET /api/users - Body: undefined
2025-08-19 11:06:04 [[32minfo[39m]: Fetched 16 user
2025-08-19 11:06:28 [[32minfo[39m]: POST /api/users/login - Body: {"email":"Himanshisahu15@gmail.com","password":"Himanshi@123"}
2025-08-19 11:06:58 [[32minfo[39m]: PUT /api/categories/6 - Body: {"name":"Artworks","description":"Paintings and sculptures and fusion"}
2025-08-19 11:06:58 [[32minfo[39m]: Catogory updated - ID: 6, Data: {"name":"Artworks","description":"Paintings and sculptures and fusion"}
2025-08-19 11:07:03 [[32minfo[39m]: GET /api/categories - Body: undefined
2025-08-19 11:07:03 [[32minfo[39m]: Fetched 5 category
2025-08-19 11:07:41 [[32minfo[39m]: PUT /api/categories/7 - Body: {"name":"Artworks","description":"Paintings and sculptures and fusion"}
2025-08-19 11:07:41 [[32minfo[39m]: Catogory updated - ID: 7, Data: {"name":"Artworks","description":"Paintings and sculptures and fusion"}
2025-08-19 11:07:44 [[32minfo[39m]: GET /api/categories - Body: undefined
2025-08-19 11:07:44 [[32minfo[39m]: Fetched 5 category
2025-08-19 11:12:38 [[32minfo[39m]: Connection has been established successfully.
2025-08-19 11:13:04 [[32minfo[39m]: Connection has been established successfully.
2025-08-19 11:14:55 [[32minfo[39m]: Connection has been established successfully.
2025-08-19 11:16:25 [[32minfo[39m]: Connection has been established successfully.
2025-08-19 11:18:12 [[32minfo[39m]: GET /api/order-items - Body: undefined
2025-08-19 11:18:12 [[32minfo[39m]: Fetched 1 orderItem
2025-08-19 11:18:39 [[32minfo[39m]: POST /api/order-items - Body: {"orderId":3,"productId":1,"quantity":10,"price":"9000.00"}
2025-08-19 11:18:58 [[32minfo[39m]: POST /api/order-items - Body: {"orderId":3,"productId":1,"quantity":10,"price":"9000.00"}
2025-08-19 11:18:58 [[32minfo[39m]: New orderItem added: {"orderId":3,"productId":1,"quantity":10,"price":"9000.00"}
2025-08-19 11:19:03 [[32minfo[39m]: GET /api/order-items - Body: undefined
2025-08-19 11:19:03 [[32minfo[39m]: Fetched 2 orderItem
2025-08-19 11:19:30 [[32minfo[39m]: POST /api/users/login - Body: {"email":"Himanshisahu15@gmail.com","password":"Himanshi@123"}
2025-08-19 11:19:48 [[32minfo[39m]: GET /api/order-items - Body: undefined
2025-08-19 11:19:48 [[32minfo[39m]: Fetched 2 orderItem
2025-08-19 11:20:36 [[32minfo[39m]: PUT /api/order-items/3 - Body: {"orderId":3,"productId":1,"quantity":9,"price":"9000.00"}
2025-08-19 11:20:36 [[32minfo[39m]: orderItem updated - ID: 3, Data: {"orderId":3,"productId":1,"quantity":9,"price":"9000.00"}
2025-08-19 11:20:40 [[32minfo[39m]: GET /api/order-items - Body: undefined
2025-08-19 11:20:40 [[32minfo[39m]: Fetched 2 orderItem
2025-08-19 11:21:13 [[32minfo[39m]: Connection has been established successfully.
2025-08-19 11:21:25 [[32minfo[39m]: GET /api/orders - Body: undefined
2025-08-19 11:21:25 [[32minfo[39m]: Fetched 8 order
2025-08-19 11:21:42 [[32minfo[39m]: POST /api/orders - Body: {"userId":6,"totalAmount":"11000.00","status":"delivered"}
2025-08-19 11:21:42 [[32minfo[39m]: New order added: {"userId":6,"totalAmount":"11000.00","status":"delivered"}
2025-08-19 11:21:46 [[32minfo[39m]: GET /api/orders - Body: undefined
2025-08-19 11:21:46 [[32minfo[39m]: Fetched 9 order
2025-08-19 11:22:10 [[32minfo[39m]: PUT /api/orders/14 - Body: {"userId":6,"totalAmount":"1900.00","status":"pending"}
2025-08-19 11:22:10 [[32minfo[39m]: order updated - ID: 14, Data: {"userId":6,"totalAmount":"1900.00","status":"pending"}
2025-08-19 11:22:44 [[32minfo[39m]: PUT /api/orders/14 - Body: {"userId":6,"totalAmount":"1900.00","status":"pending"}
2025-08-19 11:22:44 [[32minfo[39m]: order updated - ID: 14, Data: {"userId":6,"totalAmount":"1900.00","status":"pending"}
2025-08-19 11:22:47 [[32minfo[39m]: GET /api/orders - Body: undefined
2025-08-19 11:22:47 [[32minfo[39m]: Fetched 9 order
2025-08-19 11:23:32 [[32minfo[39m]: POST /api/products - Body: {"categoryId":1,"name":"Jump Suit","description":"Western wear","price":"1200.00"}
2025-08-19 11:23:32 [[32minfo[39m]: New product added: {"categoryId":1,"name":"Jump Suit","description":"Western wear","price":"1200.00"}
2025-08-19 11:23:39 [[32minfo[39m]: GET /api/products - Body: undefined
2025-08-19 11:23:39 [[32minfo[39m]: Fetched 6 product
2025-08-19 11:24:28 [[32minfo[39m]: PUT /api/products/8 - Body: {"categoryId":1,"name":"Jump Suit","description":"Western wear","price":"3000.00"}
2025-08-19 11:24:28 [[32minfo[39m]: product updated - ID: 8, Data: {"categoryId":1,"name":"Jump Suit","description":"Western wear","price":"3000.00"}
2025-08-19 11:24:35 [[32minfo[39m]: GET /api/products - Body: undefined
2025-08-19 11:24:35 [[32minfo[39m]: Fetched 6 product
2025-08-19 11:26:16 [[32minfo[39m]: GET /api/users - Body: undefined
2025-08-19 11:26:16 [[32minfo[39m]: Fetched 16 user
2025-08-19 11:27:10 [[32minfo[39m]: PUT /api/users/8 - Body: {"name":"Rishi sahu","email":"rishisahu127@gmail.com","password":"Rishi@12345","role":"user"}
2025-08-19 11:27:10 [[32minfo[39m]: User updated - ID: 8, Data: {"name":"Rishi sahu","email":"rishisahu127@gmail.com","password":"Rishi@12345","role":"user"}
2025-08-19 11:27:17 [[32minfo[39m]: GET /api/users - Body: undefined
2025-08-19 11:27:17 [[32minfo[39m]: Fetched 16 user
2025-08-19 11:27:54 [[32minfo[39m]: GET /api/users - Body: undefined
2025-08-19 11:27:54 [[32minfo[39m]: Fetched 16 user
2025-08-19 11:28:39 [[32minfo[39m]: PUT /api/users/20 - Body: {"name":"Nisha","email":"nisha@gmail.com","password":"Nisha@123456","role":"admin"}
2025-08-19 11:28:39 [[32minfo[39m]: User updated - ID: 20, Data: {"name":"Nisha","email":"nisha@gmail.com","password":"Nisha@123456","role":"admin"}
2025-08-19 11:28:45 [[32minfo[39m]: GET /api/users - Body: undefined
2025-08-19 11:28:45 [[32minfo[39m]: Fetched 16 user
2025-08-19 11:29:43 [[32minfo[39m]: PUT /api/users/16 - Body: {"name":"Garima","email":"garima1234@gmail.com","password":"Garima@12345","role":"admin"}
2025-08-19 11:29:43 [[32minfo[39m]: User updated - ID: 16, Data: {"name":"Garima","email":"garima1234@gmail.com","password":"Garima@12345","role":"admin"}
2025-08-19 11:29:49 [[32minfo[39m]: GET /api/users - Body: undefined
2025-08-19 11:29:49 [[32minfo[39m]: Fetched 16 user
2025-08-19 11:42:12 [[32minfo[39m]: Connection has been established successfully.
2025-08-19 11:49:41 [[32minfo[39m]: Connection has been established successfully.
2025-08-19 11:50:54 [[32minfo[39m]: PUT /api/users/16 - Body: {"name":"Garima","email":"garima1234@gmail.com","password":"Garima@123456","role":"admin"}
2025-08-19 11:51:03 [[32minfo[39m]: POST /api/users/login - Body: {"email":"Himanshisahu15@gmail.com","password":"Himanshi@123"}
2025-08-19 11:51:22 [[32minfo[39m]: PUT /api/users/16 - Body: {"name":"Garima","email":"garima1234@gmail.com","password":"Garima@123456","role":"admin"}
2025-08-19 11:51:22 [[32minfo[39m]: User updated - ID: 16, Data: {"name":"Garima","email":"garima1234@gmail.com","password":"Garima@123456","role":"admin"}
2025-08-19 11:51:36 [[32minfo[39m]: GET /api/users - Body: undefined
2025-08-19 11:51:36 [[32minfo[39m]: Fetched 16 user
2025-08-19 11:57:57 [[32minfo[39m]: Connection has been established successfully.
2025-08-19 11:58:29 [[32minfo[39m]: PUT /api/users/16 - Body: {"name":"Garima","email":"garima1234@gmail.com","password":"Garima@123456","role":""}
2025-08-20 09:58:36 [[32minfo[39m]: Connection has been established successfully.
2025-08-20 09:58:55 [[32minfo[39m]: GET /api/users - Body: undefined
2025-08-20 09:59:02 [[32minfo[39m]: POST /api/users/login - Body: {"email":"Himanshisahu15@gmail.com","password":"Himanshi@123"}
2025-08-20 09:59:17 [[32minfo[39m]: GET /api/users - Body: undefined
2025-08-20 09:59:17 [[32minfo[39m]: Fetched 16 user
2025-08-20 09:59:42 [[32minfo[39m]: GET /api/categories - Body: undefined
2025-08-20 09:59:42 [[32minfo[39m]: Fetched 5 category
2025-08-20 14:37:06 [[32minfo[39m]: Connection has been established successfully.
2025-08-21 14:16:46 [[32minfo[39m]: Connection has been established successfully.
2025-08-21 14:17:37 [[32minfo[39m]: GET /api/users - Body: undefined
2025-08-21 15:00:04 [[32minfo[39m]: GET /api/dropdowns?type=uae_city - Body: undefined
2025-08-21 15:00:14 [[32minfo[39m]: GET /api/dropdowns?type=uae_city - Body: undefined
2025-08-21 15:09:07 [[32minfo[39m]: POST /api/users - Body: {"name":"","email":"nisha@gmail.com","password":"Nisha@123","role":"admin"}
2025-08-21 15:09:47 [[32minfo[39m]: POST /api/users - Body: {"name":"testuser","email":"test@gmail.com","password":"Nisha@123","role":"admin"}
2025-08-21 15:09:47 [[32minfo[39m]: New user added: {"name":"testuser","email":"test@gmail.com","password":"Nisha@123","role":"admin"}
2025-08-21 15:10:08 [[32minfo[39m]: POST /api/users/login - Body: {"email":"test@gmail.com","password":"Nisha@123"}
2025-08-21 15:13:25 [[32minfo[39m]: GET /api/users - Body: undefined
2025-08-21 15:13:42 [[32minfo[39m]: GET /api/users - Body: undefined
2025-08-21 15:13:42 [[32minfo[39m]: Fetched 17 user
2025-08-21 15:14:25 [[32minfo[39m]: GET /api/users/3 - Body: undefined
2025-08-21 15:14:25 [[32minfo[39m]: User Fetched by id:3
2025-08-21 15:14:31 [[32minfo[39m]: GET /api/users/300 - Body: undefined
2025-08-21 15:14:31 [[33mwarn[39m]: User ID 300 not found
2025-08-21 15:15:09 [[32minfo[39m]: DELETE /api/users/3 - Body: undefined
2025-08-21 15:15:09 [[32minfo[39m]: User deleted with Id:3
2025-08-21 15:15:20 [[32minfo[39m]: GET /api/users - Body: undefined
2025-08-21 15:15:20 [[32minfo[39m]: Fetched 16 user
2025-08-21 15:16:32 [[32minfo[39m]: POST /api/users/login - Body: {"email":"shivi@gmail.com","password":"shivani@123123"}
2025-08-21 15:16:47 [[32minfo[39m]: GET /api/users - Body: undefined
2025-08-21 15:16:47 [[32minfo[39m]: Fetched 16 user
2025-08-21 15:17:24 [[32minfo[39m]: POST /api/users - Body: {"name":"testuser","email":"test@gmail.com","password":"Nisha@123","role":"user"}
2025-08-21 15:17:24 [[31merror[39m]: Error adding user:SequelizeUniqueConstraintError: Validation error
2025-08-21 15:18:26 [[32minfo[39m]: POST /api/users - Body: {"name":"testuser","email":"test1@gmail.com","password":"Nisha@123","role":"500"}
2025-08-21 15:18:40 [[32minfo[39m]: POST /api/users - Body: {"name":"testuser","email":"test1@gmail.com","password":"Nisha@123","role":"user"}
2025-08-21 15:18:40 [[32minfo[39m]: New user added: {"name":"testuser","email":"test1@gmail.com","password":"Nisha@123","role":"user"}
2025-08-21 15:19:15 [[32minfo[39m]: POST /api/users/login - Body: {"email":"test1@gmail.com","password":"Nisha@123"}
2025-08-21 15:19:55 [[32minfo[39m]: DELETE /api/users/1 - Body: undefined
2025-08-21 15:56:46 [[32minfo[39m]: POST /api/users - Body: {"name":"testuser","email":"test@gmail.com","password":"Nisha@123","role":"user"}
2025-08-21 15:56:46 [[31merror[39m]: Error adding user:SequelizeUniqueConstraintError: Validation error
2025-08-21 16:09:04 [[32minfo[39m]: Connection has been established successfully.
2025-08-21 16:09:12 [[32minfo[39m]: POST /api/users - Body: {"name":"testuser","email":"test@gmail.com","password":"Nisha@123","role":"user"}
2025-08-21 16:10:45 [[32minfo[39m]: Connection has been established successfully.
2025-08-21 16:10:59 [[32minfo[39m]: Connection has been established successfully.
2025-08-21 16:11:06 [[32minfo[39m]: POST /api/users - Body: {"name":"testuser","email":"test@gmail.com","password":"Nisha@123","role":"user"}
2025-08-21 16:11:28 [[32minfo[39m]: Connection has been established successfully.
2025-08-21 16:11:32 [[32minfo[39m]: POST /api/users - Body: {"name":"testuser","email":"test@gmail.com","password":"Nisha@123","role":"user"}
2025-08-21 16:12:05 [[32minfo[39m]: Connection has been established successfully.
2025-08-21 16:16:38 [[32minfo[39m]: Connection has been established successfully.
2025-08-21 16:16:41 [[32minfo[39m]: POST /api/users - Body: {"name":"testuser","email":"test@gmail.com","password":"Nisha@123","role":"user"}
2025-08-21 16:17:00 [[32minfo[39m]: Connection has been established successfully.
2025-08-21 16:17:01 [[32minfo[39m]: POST /api/users - Body: {"name":"testuser","email":"test@gmail.com","password":"Nisha@123","role":"user"}
2025-08-21 18:53:00 [[32minfo[39m]: Connection has been established successfully.
2025-09-05 11:31:22 [[32minfo[39m]: Connection has been established successfully.
2025-09-18 11:57:02 [[32minfo[39m]: Connection has been established successfully.
2025-09-18 11:57:30 [[32minfo[39m]: GET /api/users - Body: undefined
2025-09-18 11:58:06 [[32minfo[39m]: POST /api/users/login - Body: {"email":"test1@gmail.com","password":"Nisha@123"}
2025-09-18 11:58:43 [[32minfo[39m]: GET /api/users - Body: undefined
2025-09-18 11:58:43 [[32minfo[39m]: Fetched 17 user
2025-09-18 11:59:29 [[32minfo[39m]: POST /api/users/login - Body: {"email":"test1@gmail.com","password":"Nisha@12"}
2025-09-18 11:59:34 [[32minfo[39m]: POST /api/users/login - Body: {"email":"test1@gmail.com","password":"Nisha@127"}
2025-09-18 11:59:39 [[32minfo[39m]: POST /api/users/login - Body: {"email":"test1@gmail.com","password":"Nisha@1"}
2025-09-18 11:59:42 [[32minfo[39m]: POST /api/users/login - Body: {"email":"test1@gmail.com","password":"Nisha@"}
2025-09-18 11:59:46 [[32minfo[39m]: POST /api/users/login - Body: {"email":"test1@gmail.com","password":"Nisha"}
2025-09-18 12:00:00 [[32minfo[39m]: POST /api/users/login - Body: {"email":"test1@gmail.com","password":"Nisha@123"}
2025-09-18 12:02:00 [[32minfo[39m]: POST /api/users - Body: {"name":"demo","email":"demo@gmail.com","password":"demo@123","role":"admin"}
2025-09-18 12:02:00 [[32minfo[39m]: New user added: {"name":"demo","email":"demo@gmail.com","password":"demo@123","role":"admin"}
2025-09-18 12:02:17 [[32minfo[39m]: POST /api/users/login - Body: {"email":"demo@gmail.com","password":"demo@123"}
2025-09-18 12:02:28 [[32minfo[39m]: POST /api/users/login - Body: {"email":"demo@gmail.com","password":"demo@123"}
2025-09-18 12:05:26 [[32minfo[39m]: Connection has been established successfully.
2025-09-18 12:05:32 [[32minfo[39m]: POST /api/users/login - Body: {"email":"demo@gmail.com","password":"demo@123"}
2025-09-18 12:06:00 [[32minfo[39m]: GET /api/users/300 - Body: undefined
2025-09-18 12:06:00 [[33mwarn[39m]: User ID 300 not found
2025-09-18 12:06:14 [[32minfo[39m]: GET /api/users/3 - Body: undefined
2025-09-18 12:06:14 [[33mwarn[39m]: User ID 3 not found
2025-09-18 12:06:17 [[32minfo[39m]: GET /api/users/1 - Body: undefined
2025-09-18 12:06:17 [[32minfo[39m]: User Fetched by id:1
2025-09-18 12:06:24 [[32minfo[39m]: GET /api/users/1 - Body: undefined
2025-09-18 12:06:24 [[32minfo[39m]: User Fetched by id:1
2025-09-18 12:06:55 [[32minfo[39m]: PUT /api/users/16 - Body: {"name":"Garima","email":"garima1234@gmail.com","password":"Garima@123456","role":"user"}
2025-09-18 12:07:53 [[32minfo[39m]: PUT /api/users/16 - Body: {"name":"Garima","email":"garima1234@gmail.com","password":"Garima@123456","role":"user"}
2025-09-18 12:08:00 [[32minfo[39m]: PUT /api/users/16 - Body: {"name":"Garima","email":"garima1234@gmail.com","password":"Garima@123456","role":"user"}
2025-09-18 12:08:34 [[32minfo[39m]: PUT /api/users/16 - Body: {"name":"Garima","email":"garima1234@gmail.com","password":"Garima@12345678","role":"user"}
2025-09-18 12:13:04 [[32minfo[39m]: Connection has been established successfully.
2025-09-18 12:13:07 [[32minfo[39m]: PUT /api/users/16 - Body: {"name":"Garima","email":"garima1234@gmail.com","password":"Garima@12345678","role":"user"}
2025-09-18 12:13:31 [[32minfo[39m]: Connection has been established successfully.
2025-09-18 12:13:44 [[32minfo[39m]: Connection has been established successfully.
2025-09-18 12:13:47 [[32minfo[39m]: PUT /api/users/16 - Body: {"name":"Garima","email":"garima1234@gmail.com","password":"Garima@12345678","role":"user"}
2025-09-18 12:14:58 [[32minfo[39m]: Connection has been established successfully.
2025-09-18 12:15:01 [[32minfo[39m]: PUT /api/users/16 - Body: {"name":"Garima","email":"garima1234@gmail.com","password":"Garima@12345678","role":"user"}
2025-09-18 12:18:15 [[32minfo[39m]: Connection has been established successfully.
2025-09-18 12:18:17 [[32minfo[39m]: PUT /api/users/16 - Body: {"name":"Garima","email":"garima1234@gmail.com","password":"Garima@12345678","role":"user"}
2025-09-18 12:19:21 [[32minfo[39m]: Connection has been established successfully.
2025-09-18 12:19:23 [[32minfo[39m]: PUT /api/users/16 - Body: {"name":"Garima","email":"garima1234@gmail.com","password":"Garima@12345678","role":"user"}
2025-09-18 12:25:38 [[32minfo[39m]: Connection has been established successfully.
2025-09-18 12:25:42 [[32minfo[39m]: PUT /api/users/16 - Body: {"name":"Garima","email":"garima1234@gmail.com","password":"Garima@12345678","role":"user"}
2025-09-18 12:25:42 [[32minfo[39m]: User updated - ID: 16, Data: {"name":"Garima","email":"garima1234@gmail.com","password":"Garima@12345678","role":"user"}
2025-09-18 12:25:51 [[32minfo[39m]: GET /api/users - Body: undefined
2025-09-18 12:25:51 [[32minfo[39m]: Fetched 18 user
2025-09-18 12:28:42 [[32minfo[39m]: PUT /api/users/16 - Body: {"name":"Priya","email":"garima1234@gmail.com","password":"Garima@12345678","role":"user"}
2025-09-18 12:28:42 [[32minfo[39m]: User updated - ID: 16, Data: {"name":"Priya","email":"garima1234@gmail.com","password":"Garima@12345678","role":"user"}
2025-09-18 12:28:46 [[32minfo[39m]: GET /api/users - Body: undefined
2025-09-18 12:28:46 [[32minfo[39m]: Fetched 18 user
2025-09-18 12:29:58 [[32minfo[39m]: PUT /api/users/25 - Body: {"name":"demo12","email":"demo@gmail.com","password":"demo@123","role":"admin"}
2025-09-18 12:29:58 [[32minfo[39m]: User updated - ID: 25, Data: {"name":"demo12","email":"demo@gmail.com","password":"demo@123","role":"admin"}
2025-09-18 12:30:03 [[32minfo[39m]: GET /api/users - Body: undefined
2025-09-18 12:30:03 [[32minfo[39m]: Fetched 18 user
2025-09-18 12:30:39 [[32minfo[39m]: GET /api/products - Body: undefined
2025-09-18 12:31:27 [[32minfo[39m]: GET /api/products - Body: undefined
2025-09-18 12:31:27 [[32minfo[39m]: Fetched 6 product
2025-09-18 12:32:17 [[32minfo[39m]: POST /api/products - Body: {"categoryId":1,"name":"Fairy Tale","description":"Book","price":"1200.00"}
2025-09-18 12:32:27 [[32minfo[39m]: POST /api/products - Body: {"categoryId":1,"name":"Fairy Tale","description":"Book fairy","price":"1200.00"}
2025-09-18 12:32:27 [[32minfo[39m]: New product added: {"categoryId":1,"name":"Fairy Tale","description":"Book fairy","price":"1200.00"}
2025-09-18 12:32:33 [[32minfo[39m]: GET /api/products - Body: undefined
2025-09-18 12:32:33 [[32minfo[39m]: Fetched 7 product
2025-09-18 12:32:59 [[32minfo[39m]: GET /api/products/22 - Body: undefined
2025-09-18 12:32:59 [[33mwarn[39m]: product ID 22 not found
2025-09-18 12:36:23 [[32minfo[39m]: Connection has been established successfully.
2025-09-18 12:36:34 [[32minfo[39m]: PUT /api/users/25 - Body: {"name":"demo123","email":"demo@gmail.com","password":"demo@123","role":"admin"}
2025-09-18 12:36:34 [[32minfo[39m]: User updated - ID: 25, Data: {"name":"demo123","email":"demo@gmail.com","password":"demo@123","role":"admin"}
2025-09-18 12:36:37 [[32minfo[39m]: GET /api/users - Body: undefined
2025-09-18 12:36:37 [[32minfo[39m]: Fetched 18 user
2025-09-18 12:38:49 [[32minfo[39m]: GET /api/product/22 - Body: undefined
2025-09-18 12:38:53 [[32minfo[39m]: GET /api/products/22 - Body: undefined
2025-09-18 12:38:53 [[33mwarn[39m]: product ID 22 not found
2025-09-18 12:39:00 [[32minfo[39m]: GET /api/products/2 - Body: undefined
2025-09-18 12:39:00 [[33mwarn[39m]: product ID 2 not found
2025-09-18 12:39:02 [[32minfo[39m]: GET /api/products/1 - Body: undefined
2025-09-18 12:39:02 [[32minfo[39m]: Product Fetched by id:1
2025-09-18 12:40:23 [[32minfo[39m]: GET /api/users - Body: undefined
2025-09-18 12:40:23 [[32minfo[39m]: Fetched 18 user
2025-09-18 12:43:15 [[32minfo[39m]: GET /api/users - Body: undefined
2025-09-18 12:43:15 [[32minfo[39m]: Fetched 19 user
2025-09-23 15:37:35 [[32minfo[39m]: Connection has been established successfully.
2025-09-23 15:38:00 [[32minfo[39m]: GET /api/users - Body: undefined
2025-09-23 15:38:09 [[32minfo[39m]: POST /api/users/login - Body: {"email":"test1@gmail.com","password":"Nisha@123"}
2025-09-23 15:41:45 [[32minfo[39m]: GET /api/users - Body: undefined
2025-09-23 15:41:59 [[32minfo[39m]: GET /api/users - Body: undefined
2025-09-23 15:42:04 [[32minfo[39m]: POST /api/users/login - Body: {"email":"test1@gmail.com","password":"Nisha@123"}
2025-09-23 15:42:21 [[32minfo[39m]: GET /api/users - Body: undefined
2025-09-23 15:42:37 [[32minfo[39m]: Connection has been established successfully.
2025-09-23 15:42:51 [[32minfo[39m]: POST /api/users/login - Body: {"email":"test1@gmail.com","password":"Nisha@123"}
2025-09-23 15:43:13 [[32minfo[39m]: GET /api/users - Body: undefined
2025-09-23 15:43:29 [[32minfo[39m]: GET /api/users/search?uname=Himanshi - Body: undefined
2025-09-23 15:43:29 [[32minfo[39m]: User find with name:Himanshi
2025-09-23 15:43:52 [[32minfo[39m]: GET /api/users/300 - Body: undefined
2025-09-23 15:43:52 [[33mwarn[39m]: User ID 300 not found
2025-09-23 15:44:06 [[32minfo[39m]: GET /api/users/300 - Body: undefined
2025-09-23 15:44:06 [[33mwarn[39m]: User ID 300 not found
2025-09-23 15:44:09 [[32minfo[39m]: GET /api/users/300/1 - Body: undefined
2025-09-23 15:44:16 [[32minfo[39m]: GET /api/users/3 - Body: undefined
2025-09-23 15:44:16 [[32minfo[39m]: User Fetched by id:3
2025-09-23 15:44:32 [[32minfo[39m]: GET /api/users - Body: undefined
2025-09-23 15:44:32 [[32minfo[39m]: Fetched 19 user
2025-09-23 15:45:07 [[32minfo[39m]: GET /api/users/search?uname=Himanshi - Body: undefined
2025-09-23 15:45:07 [[32minfo[39m]: User find with name:Himanshi
2025-09-23 15:45:23 [[32minfo[39m]: GET /api/products - Body: undefined
2025-09-23 15:45:23 [[32minfo[39m]: Fetched 7 product
2025-09-23 16:12:27 [[32minfo[39m]: Connection has been established successfully.
2025-09-23 16:12:44 [[32minfo[39m]: PUT /api/users/16 - Body: {"name":"Garima","email":"garima1234@gmail.com","password":"Garima@123456","role":"user"}
2025-09-23 16:13:11 [[32minfo[39m]: PUT /api/users/16 - Body: {"name":"Garima","email":"garima1234@gmail.com","password":"Garima@123456","role":"user"}
2025-09-23 16:13:11 [[32minfo[39m]: User updated - ID: 16, Data: {"name":"Garima","email":"garima1234@gmail.com","password":"Garima@123456","role":"user"}
2025-09-23 16:13:19 [[32minfo[39m]: GET /api/users - Body: undefined
2025-09-23 16:13:19 [[32minfo[39m]: Fetched 19 user
2025-10-06 13:20:49 [[32minfo[39m]: Connection has been established successfully.
2025-10-06 13:21:34 [[32minfo[39m]: POST /api/users/login - Body: {"email":"test1@gmail.com","password":"Nisha@123"}
2025-10-06 13:22:08 [[32minfo[39m]: GET /api/users - Body: undefined
2025-10-06 13:23:01 [[32minfo[39m]: GET /api/users - Body: undefined
2025-10-06 13:23:01 [[32minfo[39m]: Fetched 19 user
2025-10-06 13:23:23 [[32minfo[39m]: GET /api/users/300 - Body: undefined
2025-10-06 13:23:50 [[32minfo[39m]: GET /api/users/300 - Body: undefined
2025-10-06 13:24:23 [[32minfo[39m]: GET /api/users/300 - Body: undefined
2025-10-06 13:25:03 [[32minfo[39m]: GET /api/users/300 - Body: undefined
2025-10-06 13:25:22 [[32minfo[39m]: GET /api/users/search?uname=Himanshi - Body: undefined
2025-10-06 13:25:22 [[32minfo[39m]: User find with name:Himanshi
2025-10-06 13:27:53 [[32minfo[39m]: DELETE /api/users/1 - Body: undefined
2025-10-06 13:28:03 [[32minfo[39m]: GET /api/users/300 - Body: undefined
2025-10-06 13:28:20 [[32minfo[39m]: GET /api/users/300 - Body: undefined
2025-10-06 13:28:20 [[33mwarn[39m]: User ID 300 not found
2025-10-06 13:28:31 [[32minfo[39m]: GET /api/users/2 - Body: undefined
2025-10-06 13:28:31 [[33mwarn[39m]: User ID 2 not found
2025-10-06 13:28:35 [[32minfo[39m]: GET /api/users/3 - Body: undefined
2025-10-06 13:28:35 [[32minfo[39m]: User Fetched by id:3
2025-10-08 18:25:12 [[32minfo[39m]: Connection has been established successfully.
2025-10-08 18:25:35 [[32minfo[39m]: POST /api/users/login - Body: {"email":"himanshi@gmail.com","password":"12345as"}
2025-10-08 18:25:45 [[32minfo[39m]: POST /api/users/login - Body: {"email":"himanshi@gmail.com","password":"12345123"}
2025-10-08 18:26:18 [[32minfo[39m]: POST /api/users/login - Body: {"email":"himanshi@gmail.com","password":"Himanshi@123"}
2025-10-08 18:27:09 [[32minfo[39m]: POST /api/users/login - Body: {"email":"test1@gmail.com","password":"Nisha@123"}
2025-10-08 18:46:20 [[32minfo[39m]: POST /api/users/login - Body: {"email":"test1@gmail.com","password":"Nisha@123"}
